id,name,category,subcategory,alternate_names,sample_type,units,reference_low,reference_high,reference_optimal_low,reference_optimal_high,age_caveat,what_it_measures,elevated_means,low_means,test_availability,test_cost_usd_low,test_cost_usd_high,turnaround_days,clia_status,lab_options,snp_dependence,interpretation_summary,mechanisms_indicated,phenotypes_stratified,interventions_modulates,hypotheses_tests,key_pmids,created_at,last_updated,notes
BIO-0001,S-adenosylmethionine (SAM),methylation_cycle,methyl_donor,,plasma,nmol/L,70,125,,,,Universal methyl donor; substrate for all methyltransferases,Overmethylator phenotype; folate caution; potential mania risk,Undermethylator phenotype; impaired DNA/protein/lipid methylation,commercial,80,180,,CLIA,"Doctor's Data, Genova",,Paired with SAH to compute SAM/SAH ratio (methylation capacity),MEC-0003,PHE-0001,"INT-0001,INT-0008",HYP-0001,15585776,2026-04-30T01:50:29+00:00,2026-04-30T01:50:29+00:00,Foundational methylation biomarker per James Jill 2004 Am J Clin Nutr framework.
BIO-0002,S-adenosylhomocysteine (SAH),methylation_cycle,,,plasma,nmol/L,10,30,,,,Methyltransferase product; rises when methylation outflow blocked,Methylation-cycle inhibition; usually paired with low SAM/SAH ratio,Generally non-pathological,commercial,80,180,,,"Doctor's Data, Genova",,,MEC-0003,,"INT-0001,INT-0008",HYP-0001,15585776,2026-04-30T01:50:29+00:00,2026-04-30T01:50:29+00:00,
BIO-0003,SAM/SAH ratio,methylation_cycle,methylation_capacity,,plasma,ratio,3.0,6.0,4.0,6.0,,Net methylation capacity — the single most informative methylation biomarker,Overmethylator state; folate caution,Impaired methylation; undermethylator state; leucovorin/methyl-B12 candidate,commercial,,,,,Doctor's Data DDI methylation panel,"MTHFR C677T, MTRR, MTR, BHMT all affect interpretation",,MEC-0003,PHE-0001,"INT-0001,INT-0008","HYP-0001,HYP-0003","15585776,19056591",2026-04-30T01:50:29+00:00,2026-04-30T01:50:29+00:00,Per Walsh biotyping framework + James biochemistry foundation.
BIO-0004,Plasma methionine,methylation_cycle,,,plasma,μmol/L,15,40,,,,Methionine cycle substrate; derived from dietary intake + remethylation,Possible MAT defect (rare) or supplementation,Methionine cycle compromise; consider methyl-B12 + betaine,commercial,,,,,,,,MEC-0003,,INT-0001,HYP-0001,15585776,2026-04-30T01:50:29+00:00,2026-04-30T01:50:29+00:00,
BIO-0005,Homocysteine,methylation_cycle,,,plasma,μmol/L,3.5,10,,7,,Methionine-cycle intermediate; remethylation + transsulfuration capacity,B12/folate/B6 insufficiency; CBS pathway slowdown; cardiovascular + neurodegenerative risk,Normal or slight CBS upregulation,standard_clinical,40,100,,CLIA,"Quest, LabCorp","MTHFR, CBS, MTRR genotype changes interpretation",,MEC-0003,,"INT-0001,INT-0008","HYP-0001,HYP-0003",15585776,2026-04-30T01:50:29+00:00,2026-04-30T01:50:29+00:00,
BIO-0006,Cysteine,methylation_cycle,transsulfuration,,plasma,μmol/L,200,350,,,,Transsulfuration product; substrate for glutathione synthesis,,Glutathione synthesis precursor depletion,commercial,,,,,,,,,,INT-0001,HYP-0063,15585776,2026-04-30T01:50:29+00:00,2026-04-30T01:50:29+00:00,
BIO-0007,Taurine,methylation_cycle,transsulfuration,,plasma,μmol/L,50,180,,,,Transsulfuration end-product; bile acid conjugation; GABA-like inhibitory,,Transsulfuration insufficiency,commercial,,,,,,,,"MEC-0003,MEC-0007",,,,15585776,2026-04-30T01:50:29+00:00,2026-04-30T01:50:29+00:00,
BIO-0008,Methylmalonic acid (MMA),methylation_cycle,b12_functional,,serum_or_urine,nmol/L,0,270,,,,Functional B12 status — elevated when B12 cofactor activity is insufficient regardless of plasma B12 level,Functional B12 deficiency even if plasma B12 normal,,standard_clinical,,,,CLIA,"Quest, LabCorp",,More sensitive than plasma B12 alone for cellular B12 status,,,INT-0001,HYP-0001,,2026-04-30T01:50:29+00:00,2026-04-30T01:50:29+00:00,
BIO-0009,Plasma B12 (cobalamin),methylation_cycle,,,serum,pg/mL,200,900,500,,,Total cobalamin; gross B12 sufficiency,,Functional B12 deficiency likely (confirm with MMA + holotranscobalamin),commercial,,,,CLIA,,,Should be >500 pg/mL in autistic kids; mainstream 'normal' often inadequate,,,INT-0001,,,2026-04-30T01:50:29+00:00,2026-04-30T01:50:29+00:00,
BIO-0010,Holotranscobalamin (active B12),methylation_cycle,,,plasma,pmol/L,35,170,,,,Biologically-active B12 fraction (transcobalamin-bound),,,specialty_clinical,,,,CLIA,,,More specific than total B12 for cellular delivery,,,INT-0001,,,2026-04-30T01:50:29+00:00,2026-04-30T01:50:29+00:00,
BIO-0011,Plasma folate,methylation_cycle,,,serum,ng/mL,3,20,,,,,,,standard_clinical,,,,CLIA,,,Acute folate status; reflects recent intake,,,"INT-0001,INT-0008",HYP-0003,,2026-04-30T01:50:29+00:00,2026-04-30T01:50:29+00:00,
BIO-0012,RBC folate,methylation_cycle,,,whole_blood_rbc,ng/mL,280,800,,,,,,,commercial,,,,CLIA,,MTHFR C677T affects 5-MTHF activation efficiency,Long-term folate status (4+ months); preferred over plasma,,,"INT-0001,INT-0008",HYP-0003,,2026-04-30T01:50:29+00:00,2026-04-30T01:50:29+00:00,
BIO-0013,Pyridoxal-5-phosphate (P5P / active B6),methylation_cycle,cofactor,,plasma,ng/mL,5,50,,,,"Active B6 form; cofactor for >100 enzymes including transsulfuration, kynurenine pathway",,B6 cofactor insufficiency; pyroluria risk if low,commercial,,,,CLIA,,,,"MEC-0003,MEC-0023",,,,,2026-04-30T01:50:29+00:00,2026-04-30T01:50:29+00:00,
BIO-0014,Whole-blood histamine,methylation_cycle,biotype_proxy,,whole_blood,ng/mL,40,80,,,,Walsh biotype proxy — methylation status indicator,Overmethylator phenotype likely,Undermethylator phenotype likely,specialty_clinical,,,,,"Direct Healthcare, ALCAT",,Per Walsh biotyping; used clinically since 1970s,"MEC-0003,MEC-0017",,INT-0001,HYP-0001,,2026-04-30T01:50:29+00:00,2026-04-30T01:50:29+00:00,
BIO-0015,FRAA (folate receptor alpha autoantibody) — blocking,folate_receptor,autoantibody,,serum,pmol/mL FBA,0,0.5,,,,Autoantibody blocking folate transport across blood-brain barrier,Cerebral folate deficiency likely; leucovorin candidate,,specialty_research_lab,200,400,,,Religious Sisters of Mercy / Ramaekers lab; some commercial,,The single most important biomarker for predicting leucovorin response in autism,"MEC-0003,MEC-0004",PHE-0001,INT-0001,HYP-0001,27752075,2026-04-30T01:50:29+00:00,2026-04-30T01:50:29+00:00,Frye 2018 RCT used this stratification. ~70-75% of autistic children FRAA+.
BIO-0016,FRAA (folate receptor alpha autoantibody) — binding,folate_receptor,autoantibody,,serum,pmol/mL FRA,0,2.0,,,,Autoantibody binding (not necessarily blocking) folate receptor,,,commercial,,,,,Religious Sisters of Mercy,,Less specific than blocking but useful when blocking is borderline,MEC-0004,PHE-0001,INT-0001,HYP-0001,27752075,2026-04-30T01:50:29+00:00,2026-04-30T01:50:29+00:00,
BIO-0017,CSF 5-MTHF,folate_receptor,cerebral_folate_direct,,cerebrospinal_fluid,nmol/L,40,180,,,,Direct measurement of cerebral folate; gold-standard for cerebral folate deficiency diagnosis,,Cerebral folate deficiency confirmed; high-dose leucovorin indicated,research_or_specialist,,,,CLIA,,,Invasive (lumbar puncture); reserved for confirmed clinical suspicion. CSF/serum ratio <1 is diagnostic for transport defect.,"MEC-0003,MEC-0004",PHE-0001,INT-0001,HYP-0001,,2026-04-30T01:50:29+00:00,2026-04-30T01:50:29+00:00,Diagnostic gold standard but invasive. Most workups stop at FRAA + clinical response trial.
BIO-0018,Lactate,mitochondrial,anaerobic_shift,,plasma,mmol/L,0.5,2.2,,,,Anaerobic metabolism marker; rises when oxidative phosphorylation can't meet ATP demand,Mitochondrial dysfunction; pyruvate dehydrogenase deficiency; respiratory chain defect,,standard_clinical,20,60,,CLIA,,,Compare resting vs post-exertion; resting elevation more concerning,MEC-0010,PHE-0002,,"HYP-0006,HYP-0070",21263444,2026-04-30T01:50:29+00:00,2026-04-30T01:50:29+00:00,
BIO-0019,Pyruvate,mitochondrial,,,plasma,mmol/L,0.04,0.10,,,,Glycolysis end-product; substrate for pyruvate dehydrogenase,,,commercial,,,,CLIA,,,Always paired with lactate to compute L:P ratio,MEC-0010,,,"HYP-0006,HYP-0070",21263444,2026-04-30T01:50:29+00:00,2026-04-30T01:50:29+00:00,
BIO-0020,Lactate-to-pyruvate ratio (L:P),mitochondrial,oxphos_indicator,,plasma,ratio,10,25,,,,Most sensitive biochemical screen for respiratory-chain deficiency,L:P > 25 suggests OXPHOS / respiratory chain dysfunction,,commercial,,,,,,,More informative than lactate alone; primary screen for mito disease,MEC-0010,PHE-0002,,"HYP-0006,HYP-0070",21263444,2026-04-30T01:50:29+00:00,2026-04-30T01:50:29+00:00,Calibration anchor for HYP-0070.
BIO-0021,Acylcarnitine profile,mitochondrial,fatty_acid_oxidation,,plasma_or_dbs,μmol/L composite,,,,,,Fatty acid oxidation defects; carnitine metabolism,"Specific patterns indicate specific FAO defects (MCAD, VLCAD, etc.)",,standard_clinical,,,,CLIA,,,Newborn-screen tier panel; covers ~40 individual species,MEC-0010,PHE-0002,,HYP-0006,,2026-04-30T01:50:29+00:00,2026-04-30T01:50:29+00:00,
BIO-0022,Free + total carnitine,mitochondrial,cofactor,,plasma,μmol/L,35,80,,,,Carnitine substrate sufficiency for fatty acid transport into mitochondria,,Carnitine deficiency; supplementation indicated,commercial,,,,CLIA,,,,MEC-0010,,,HYP-0006,,2026-04-30T01:50:29+00:00,2026-04-30T01:50:29+00:00,
BIO-0023,Plasma ammonia,mitochondrial,urea_cycle,,plasma,μmol/L,0,50,,,,Urea cycle / mitochondrial nitrogen disposal,"Urea cycle defect, valproate toxicity, mitochondrial overflow",,commercial,,,,CLIA,,,,MEC-0010,,,HYP-0006,,2026-04-30T01:50:29+00:00,2026-04-30T01:50:29+00:00,
BIO-0024,Creatine kinase (CK),mitochondrial,muscle_metabolism,,serum,U/L,30,200,,,,Muscle damage / mitochondrial myopathy marker,Mitochondrial myopathy possible; rule out other causes,,standard_clinical,,,,CLIA,,,,MEC-0010,,,HYP-0006,,2026-04-30T01:50:29+00:00,2026-04-30T01:50:29+00:00,
BIO-0025,CoQ10 (ubiquinone),mitochondrial,cofactor,,plasma,μg/mL,0.5,2.0,,,,Respiratory chain electron carrier; statin-depletable,,CoQ10 supplementation indicated; statin-induced or primary deficiency,commercial,120,200,,,,,,MEC-0010,,,HYP-0006,,2026-04-30T01:50:29+00:00,2026-04-30T01:50:29+00:00,
BIO-0026,mtDNA copy number,mitochondrial,quantitative_genetics,,whole_blood_or_buccal,ratio,,,,,,Mitochondrial DNA quantity per cell; depletion = less ATP capacity,,,specialty_research,,,,,,,Research-grade; specialty mito-disease centers,MEC-0010,,,HYP-0006,,2026-04-30T01:50:29+00:00,2026-04-30T01:50:29+00:00,
BIO-0027,Krebs cycle metabolites (citrate/succinate/fumarate/malate),mitochondrial,oxphos_intermediates,,urine_oat,μmol/g creatinine composite,,,,,,OAT panel coverage of citric acid cycle; abnormal patterns indicate specific complex deficiencies,,,commercial,,,,,"Mosaic OAT, Genova ION",,Mosaic OAT covers these as standard panel components,MEC-0010,,,HYP-0006,,2026-04-30T01:50:29+00:00,2026-04-30T01:50:29+00:00,
BIO-0028,Reduced glutathione (GSH),oxidative_stress,antioxidant,,rbc_or_whole_blood,μmol/L,900,1500,,,,Active reduced glutathione; brain's primary antioxidant,,Antioxidant depletion; oxidative stress; NAC + glycine + glutamine indicated,specialty_clinical,,,,,,,,MEC-0001,,INT-0001,HYP-0063,15585776,2026-04-30T01:50:29+00:00,2026-04-30T01:50:29+00:00,
BIO-0029,Oxidized glutathione (GSSG),oxidative_stress,,,rbc_or_whole_blood,μmol/L,20,50,,,,Oxidized glutathione fraction,Oxidative stress consuming reduced glutathione,,commercial,,,,,,,,MEC-0001,,,HYP-0063,15585776,2026-04-30T01:50:29+00:00,2026-04-30T01:50:29+00:00,
BIO-0030,GSH/GSSG ratio,oxidative_stress,redox_status,,rbc_or_whole_blood,ratio,20,100,50,,,Redox status — most informative single oxidative stress biomarker,,Significant oxidative stress; antioxidant intervention high priority,commercial,,,,,,,,MEC-0001,,,HYP-0063,"15585776,19056591",2026-04-30T01:50:29+00:00,2026-04-30T01:50:29+00:00,James 2004/2009 framework primary biomarker.
BIO-0031,8-hydroxy-2-deoxyguanosine (8-OHdG),oxidative_stress,dna_oxidation,,urine_24h,μg/g creatinine,0,10,,,,Oxidative DNA damage marker,Genomic oxidative stress; antioxidant intervention indicated,,specialty_clinical,,,,,"Mosaic, Doctor's Data, Genova",,,MEC-0001,,,,,2026-04-30T01:50:29+00:00,2026-04-30T01:50:29+00:00,
BIO-0032,F2-isoprostanes,oxidative_stress,lipid_peroxidation,,urine_or_plasma,ng/mL,,,,,,Lipid peroxidation marker; arachidonic acid oxidation product,Lipid oxidative damage; high omega-3 + antioxidants,,research_to_specialty,,,,,,,,MEC-0001,,,,,2026-04-30T01:50:29+00:00,2026-04-30T01:50:29+00:00,
BIO-0033,Malondialdehyde (MDA),oxidative_stress,lipid_peroxidation,,serum,μmol/L,,,,,,Lipid peroxidation breakdown product,Lipid oxidative stress active,,commercial,,,,,,,,MEC-0001,,,,,2026-04-30T01:50:29+00:00,2026-04-30T01:50:29+00:00,
BIO-0034,Superoxide dismutase (SOD) activity,oxidative_stress,antioxidant_enzyme,,rbc,U/g Hb,,,,,,Mn-SOD + Cu/Zn-SOD enzymatic activity,,Reduced antioxidant defense capacity,specialty_clinical,,,,,,,,MEC-0001,,,,,2026-04-30T01:50:29+00:00,2026-04-30T01:50:29+00:00,
BIO-0035,Total antioxidant capacity (TEAC/TAC),oxidative_stress,composite,,serum,mmol Trolox eq/L,,,,,,Composite antioxidant defense capacity,,Net antioxidant insufficiency,commercial,,,,,,,,MEC-0001,,,,,2026-04-30T01:50:29+00:00,2026-04-30T01:50:29+00:00,
BIO-0036,Arabinose,oat_microbial,fungal_marker,,urine,mmol/mol creatinine,,29,,,,Yeast/Candida fermentation product; primary fungal overgrowth marker,Candida overgrowth; antifungal protocol candidate,,commercial,300,400,,,"Mosaic OAT, Great Plains Lab",,,MEC-0008,PHE-0004,"INT-0025,INT-0076","HYP-0007,HYP-0061",,2026-04-30T01:50:29+00:00,2026-04-30T01:50:29+00:00,Per Shaw William framework. Most-clinically-actionable single OAT marker.
BIO-0037,HPHPA (3-(3-hydroxyphenyl)-3-hydroxypropionic acid),oat_microbial,clostridia_marker,,urine,mmol/mol creatinine,,220,,,,Clostridia metabolite; inhibits dopamine beta-hydroxylase,Clostridia overgrowth; behavioral/dopamine effects; targeted antibiotic candidate,,commercial,,,,,Mosaic OAT,,,"MEC-0008,MEC-0024",PHE-0004,"INT-0076,INT-0025","HYP-0007,HYP-0057,HYP-0060",,2026-04-30T01:50:29+00:00,2026-04-30T01:50:29+00:00,
BIO-0038,4-cresol (p-cresol),oat_microbial,clostridia_marker,,urine,mmol/mol creatinine,,,,,,Aromatic-amino-acid Clostridia metabolite; behavioral severity correlate,Clostridia overgrowth; correlates with autism severity scores,,commercial,,,,,Mosaic OAT,,,MEC-0024,PHE-0004,"INT-0076,INT-0025","HYP-0007,HYP-0057,HYP-0060",,2026-04-30T01:50:29+00:00,2026-04-30T01:50:29+00:00,
BIO-0039,Tartaric acid,oat_microbial,fungal_marker,,urine,mmol/mol creatinine,,,,,,Fungal fermentation product,Fungal/yeast overgrowth,,commercial,,,,,Mosaic OAT,,,MEC-0008,,INT-0025,HYP-0061,,2026-04-30T01:50:29+00:00,2026-04-30T01:50:29+00:00,
BIO-0040,Citramalic acid,oat_microbial,fungal_marker,,urine,mmol/mol creatinine,,,,,,Fungal metabolite,Fungal overgrowth,,commercial,,,,,Mosaic OAT,,,,,,HYP-0061,,2026-04-30T01:50:29+00:00,2026-04-30T01:50:29+00:00,
BIO-0041,Indican,oat_microbial,bacterial_putrefaction,,urine,qualitative or quantitative,,,,,,Bacterial tryptophan putrefaction product,Bacterial overgrowth + protein putrefaction in gut,,commercial,,,,,"Mosaic OAT, Great Plains",,,MEC-0008,,,,,2026-04-30T01:50:29+00:00,2026-04-30T01:50:29+00:00,
BIO-0042,Hippuric acid,oat_microbial,microbial_aromatic,,urine,mmol/mol creatinine,,,,,,Microbial benzoate metabolism,,,commercial,,,,,Mosaic OAT,,Variable interpretation; depends on diet + microbial composition,,,,,,2026-04-30T01:50:29+00:00,2026-04-30T01:50:29+00:00,
BIO-0043,Indol-3-acetic acid (IAA),oat_microbial,tryptophan_microbial,,urine,mmol/mol creatinine,,,,,,Tryptophan-derived microbial metabolite (AhR ligand),,,commercial,,,,,Mosaic OAT,,,MEC-0023,,,,,2026-04-30T01:50:29+00:00,2026-04-30T01:50:29+00:00,
BIO-0044,"3,4-dihydroxyphenylpropionic acid (DHPPA)",oat_microbial,clostridia_marker,,urine,mmol/mol creatinine,,,,,,Clostridia tyrosine metabolite,,,commercial,,,,,Mosaic OAT,,,,,INT-0076,,,2026-04-30T01:50:29+00:00,2026-04-30T01:50:29+00:00,
BIO-0045,3-Hydroxy-2-methylbutyric acid,oat_microbial,bacterial_overgrowth,,urine,mmol/mol creatinine,,,,,,Bacterial branched-chain amino acid metabolism,,,commercial,,,,,Mosaic OAT,,,,,,,,2026-04-30T01:50:29+00:00,2026-04-30T01:50:29+00:00,
BIO-0046,Homovanillic acid (HVA),oat_neurotransmitter,dopamine_metabolite,,urine,mmol/mol creatinine,,,,,,Dopamine end-metabolite; dopaminergic tone,,,commercial,,,,,Mosaic OAT,,Pair with VMA; HPHPA can artificially lower HVA via DBH inhibition,MEC-0007,,,,,2026-04-30T01:50:29+00:00,2026-04-30T01:50:29+00:00,
BIO-0047,Vanillylmandelic acid (VMA),oat_neurotransmitter,norepinephrine_metabolite,,urine,mmol/mol creatinine,,,,,,Norepinephrine end-metabolite,,,commercial,,,,,Mosaic OAT,,,MEC-0007,,,,,2026-04-30T01:50:29+00:00,2026-04-30T01:50:29+00:00,
BIO-0048,5-hydroxyindoleacetic acid (5-HIAA),oat_neurotransmitter,serotonin_metabolite,,urine,mmol/mol creatinine,,,,,,Serotonin end-metabolite; serotonin pathway readout,,,commercial,,,,,Mosaic OAT,,,MEC-0023,,,HYP-0062,,2026-04-30T01:50:29+00:00,2026-04-30T01:50:29+00:00,
BIO-0049,Quinolinic acid,oat_neurotransmitter,kynurenine_pathway,,urine,mmol/mol creatinine,,,,,,Kynurenine-pathway NMDA agonist; neurotoxic at elevation,Pro-inflammatory kynurenine shift; tryptophan diverted away from serotonin,,commercial,,,,,Mosaic OAT,,,"MEC-0023,MEC-0020",,,,,2026-04-30T01:50:29+00:00,2026-04-30T01:50:29+00:00,
BIO-0050,Kynurenic acid,oat_neurotransmitter,kynurenine_pathway,,urine,mmol/mol creatinine,,,,,,Kynurenine-pathway NMDA antagonist; neuroprotective,,,commercial,,,,,,,QUIN/KYNA ratio is most informative for inflammation-driven shift,MEC-0023,,,,,2026-04-30T01:50:29+00:00,2026-04-30T01:50:29+00:00,
BIO-0051,Kynurenine/tryptophan ratio,oat_neurotransmitter,ido_activity,,plasma,ratio,,,,,,IDO/TDO activity; inflammation-driven tryptophan depletion,Inflammation diverting tryptophan to kynurenine pathway,,commercial,,,,,,,,"MEC-0002,MEC-0023",,,,,2026-04-30T01:50:29+00:00,2026-04-30T01:50:29+00:00,
BIO-0052,High-sensitivity CRP (hs-CRP),immune_inflammatory,acute_phase,,serum,mg/L,,3.0,,1.0,,Systemic inflammation,Active inflammation; >3 = high cardiovascular + neurodevelopmental risk,,standard_clinical,20,50,,CLIA,,,,MEC-0002,,,HYP-0008,,2026-04-30T01:50:29+00:00,2026-04-30T01:50:29+00:00,
BIO-0053,ESR (erythrocyte sedimentation rate),immune_inflammatory,acute_phase,,whole_blood,mm/hr,,,,,,Indirect inflammation marker; less specific than CRP,,,commercial,,,,CLIA,,,,MEC-0002,,,,,2026-04-30T01:50:29+00:00,2026-04-30T01:50:29+00:00,
BIO-0054,IL-6 (interleukin-6),immune_inflammatory,cytokine,,serum,pg/mL,,5,,,,Pro-inflammatory cytokine; elevated in many ASD subgroups,Active inflammation; cell therapy responder profile per Dawson 2020 subgroup analysis,,specialty_clinical,,,,,,,,"MEC-0002,MEC-0005",,"INT-0102,INT-0006",HYP-0008,,2026-04-30T01:50:29+00:00,2026-04-30T01:50:29+00:00,
BIO-0055,TNF-α (tumor necrosis factor alpha),immune_inflammatory,cytokine,,serum,pg/mL,,,,,,Master pro-inflammatory cytokine; central node in autism inflammation networks,Active TNF-driven inflammation,,specialty_clinical,,,,,,,,"MEC-0002,MEC-0005",,"INT-0102,INT-0006",HYP-0008,,2026-04-30T01:50:29+00:00,2026-04-30T01:50:29+00:00,
BIO-0056,IL-1β (interleukin-1 beta),immune_inflammatory,cytokine,,serum,pg/mL,,,,,,NLRP3-inflammasome cytokine; microglial activation,,,commercial,,,,,,,,"MEC-0002,MEC-0005",,,HYP-0008,,2026-04-30T01:50:29+00:00,2026-04-30T01:50:29+00:00,
BIO-0057,IL-17,immune_inflammatory,cytokine,,serum,pg/mL,,,,,,Th17 axis; IL-17a drives autoimmune-spectrum inflammation,,,commercial,,,,,,,,MEC-0002,,,HYP-0008,,2026-04-30T01:50:29+00:00,2026-04-30T01:50:29+00:00,
BIO-0058,IL-10,immune_inflammatory,cytokine,,serum,pg/mL,,,,,,Anti-inflammatory cytokine; Treg activity proxy,,Inadequate immune regulation,commercial,,,,,,,,MEC-0002,,,,,2026-04-30T01:50:29+00:00,2026-04-30T01:50:29+00:00,
BIO-0059,IFN-γ (interferon gamma),immune_inflammatory,cytokine,,serum,pg/mL,,,,,,Th1 axis; chronic-infection / cellular-immunity marker,,,commercial,,,,,,,,MEC-0002,,,,,2026-04-30T01:50:29+00:00,2026-04-30T01:50:29+00:00,
BIO-0060,"Complement C3, C4",immune_inflammatory,complement,,serum,mg/dL,,,,,,"Complement system activity; neuroinflammation marker (C1q, C3 elevated in ASD postmortem)",,,commercial,,,,CLIA,,,,"MEC-0002,MEC-0005",,,,,2026-04-30T01:50:29+00:00,2026-04-30T01:50:29+00:00,
BIO-0061,Total IgG / IgA / IgM / IgE + IgG subclasses,immune_inflammatory,immunoglobulin,,serum,mg/dL,,,,,,Humoral immunity status + atopic profile,,,commercial,,,,CLIA,,,Low IgA common in ASD; IgG subclass deficiency ↔ recurrent infection,MEC-0002,,,,,2026-04-30T01:50:29+00:00,2026-04-30T01:50:29+00:00,
BIO-0062,Tryptase (baseline),mast_cell,primary_diagnostic,,serum,ng/mL,,11.4,,,,Mast cell mediator; baseline elevation suggests mastocytosis/MCAS,>11.4 = abnormal; >20 = mastocytosis; ≥1.2x baseline + 2 ng/mL during flare = MCAS,,commercial,,,,CLIA,,,,MEC-0017,,,HYP-0008,,2026-04-30T01:50:29+00:00,2026-04-30T01:50:29+00:00,Per Theoharides framework. Most-specific single MCAS marker.
BIO-0063,N-methylhistamine (urinary),mast_cell,histamine_metabolite,,urine_24h,μg/g creatinine,,,,,,Histamine release marker; more stable than histamine itself,Mast cell or basophil histamine release,,specialty_clinical,,,,CLIA,,,,MEC-0017,,,,,2026-04-30T01:50:29+00:00,2026-04-30T01:50:29+00:00,
BIO-0064,Prostaglandin D2 metabolite (11β-PGF2α),mast_cell,prostaglandin,,urine_24h,ng/g creatinine,,,,,,Mast cell prostaglandin release,,,commercial,,,,CLIA,,,,MEC-0017,,,,,2026-04-30T01:50:29+00:00,2026-04-30T01:50:29+00:00,
BIO-0065,Chromogranin A,mast_cell,neuroendocrine,,serum,ng/mL,,,,,,Neuroendocrine cell + mast cell granule protein,,,commercial,,,,CLIA,,,,MEC-0017,,,,,2026-04-30T01:50:29+00:00,2026-04-30T01:50:29+00:00,
BIO-0066,Heparin (mast cell),mast_cell,granule_marker,,plasma,varies,,,,,,Mast cell granule heparin release,,,research,,,,,,,,,,,,,2026-04-30T01:50:29+00:00,2026-04-30T01:50:29+00:00,
BIO-0067,Anti-tubulin antibody (Cunningham Panel),pans_pandas,cunningham_panel,,serum,titer,,,,,,Anti-neuronal antibody cross-reacting with neuronal cytoskeleton,PANS/PANDAS likely; immune therapy candidate,,specialty,900,1100,,,Moleculera Biosciences,,,MEC-0002,,INT-0006,HYP-0026,,2026-04-30T01:50:29+00:00,2026-04-30T01:50:29+00:00,Per Cunningham Madeleine framework. Composite score predicts immune-therapy response.
BIO-0068,Anti-lysoganglioside-GM1 antibody,pans_pandas,cunningham_panel,,serum,titer,,,,,,Anti-neuronal antibody cross-reacting with neuronal ganglioside,,,commercial,,,,,Moleculera,,,MEC-0002,,,HYP-0026,,2026-04-30T01:50:29+00:00,2026-04-30T01:50:29+00:00,
BIO-0069,Anti-dopamine D1 receptor antibody,pans_pandas,cunningham_panel,,serum,titer,,,,,,Anti-D1 receptor autoantibody,,,commercial,,,,,Moleculera,,,"MEC-0002,MEC-0007",,,HYP-0026,,2026-04-30T01:50:29+00:00,2026-04-30T01:50:29+00:00,
BIO-0070,Anti-dopamine D2 receptor antibody,pans_pandas,cunningham_panel,,serum,titer,,,,,,Anti-D2 receptor autoantibody; correlates with OCD/tic features,,,commercial,,,,,Moleculera,,,"MEC-0002,MEC-0007",,,HYP-0026,,2026-04-30T01:50:29+00:00,2026-04-30T01:50:29+00:00,
BIO-0071,CaMKII activation,pans_pandas,cunningham_panel,,serum,% activation,,,,,,Calcium/calmodulin-dependent kinase II activation by patient serum on neuronal cells; composite functional readout of Cunningham Panel,Active anti-neuronal antibody-mediated dysfunction; immune therapy responder,,commercial,,,,,Moleculera,,Most-clinically-actionable single output of Cunningham Panel,MEC-0002,,,HYP-0026,,2026-04-30T01:50:29+00:00,2026-04-30T01:50:29+00:00,Reliability critique per Hesselmark 2019 — panel works best as confirmatory in clinically-suspected cases.
BIO-0072,ASO (antistreptolysin O),pans_pandas,strep_titer,,serum,IU/mL,,,,,,Recent or active group A strep infection,,,standard_clinical,,,,CLIA,,,Combined with anti-DNase B for full strep workup,MEC-0002,,,HYP-0026,,2026-04-30T01:50:29+00:00,2026-04-30T01:50:29+00:00,
BIO-0073,Anti-DNase B,pans_pandas,strep_titer,,serum,IU/mL,,,,,,Strep infection marker; rises later than ASO,,,commercial,,,,CLIA,,,,MEC-0002,,,HYP-0026,,2026-04-30T01:50:29+00:00,2026-04-30T01:50:29+00:00,
BIO-0074,Hair mercury,heavy_metals,long_term_exposure,,hair,μg/g,,,,,,Long-term mercury exposure (months); reflects body-burden,,,commercial,80,150,,,"Doctor's Data, Quicksilver Scientific",,Hair > urinary for chronic exposure assessment,"MEC-0001,MEC-0010",,,"HYP-0015,HYP-0069",,2026-04-30T01:50:29+00:00,2026-04-30T01:50:29+00:00,
BIO-0075,Hair lead,heavy_metals,long_term_exposure,,hair,μg/g,,,,,,Long-term lead exposure,,,commercial,,,,,Doctor's Data,,,MEC-0001,,,HYP-0015,,2026-04-30T01:50:29+00:00,2026-04-30T01:50:29+00:00,
BIO-0076,Urine mercury (provoked or unprovoked),heavy_metals,excretion,,urine,μg/g creatinine,,,,,,Acute mercury excretion; provoked test (DMSA challenge) reveals body-burden,,,commercial,,,,,"Doctor's Data, Quicksilver, Genova",,Provoked vs unprovoked interpretation differs substantially,"MEC-0001,MEC-0010",,,"HYP-0015,HYP-0069",,2026-04-30T01:50:29+00:00,2026-04-30T01:50:29+00:00,
BIO-0077,Urine lead,heavy_metals,excretion,,urine,μg/g creatinine,,,,,,,,,commercial,,,,,Doctor's Data,,,MEC-0001,,,HYP-0015,,2026-04-30T01:50:29+00:00,2026-04-30T01:50:29+00:00,
BIO-0078,Urine cadmium,heavy_metals,excretion,,urine,μg/g creatinine,,,,,,,,,commercial,,,,,,,,MEC-0001,,,HYP-0015,,2026-04-30T01:50:29+00:00,2026-04-30T01:50:29+00:00,
BIO-0079,Urine arsenic,heavy_metals,excretion,,urine,μg/g creatinine,,,,,,,,,commercial,,,,,,,Speciation matters: inorganic vs organic (rice/seafood),MEC-0001,,,HYP-0015,,2026-04-30T01:50:29+00:00,2026-04-30T01:50:29+00:00,
BIO-0080,Urine aluminum,heavy_metals,excretion,,urine,μg/g creatinine,,,,,,Aluminum body burden / excretion,,,commercial,,,,,Doctor's Data,,Best paired with provocation challenge for body-burden assessment,MEC-0032,,,HYP-0067,,2026-04-30T01:50:29+00:00,2026-04-30T01:50:29+00:00,
BIO-0081,Urine glyphosate + AMPA,heavy_metals,agrochemical,,urine,μg/g creatinine,,,,,,Recent glyphosate exposure,,,commercial,100,200,,,"HRI Labs, Mosaic Diagnostics, Great Plains",,"Glyphosate disrupts methylation cycle, microbiome (shikimate pathway), sulfate metabolism","MEC-0003,MEC-0008",,,HYP-0005,,2026-04-30T01:50:29+00:00,2026-04-30T01:50:29+00:00,Per Seneff Stephanie framework.
BIO-0082,"Phthalate metabolites (composite — MEP, MBP, MEHP, others)",environmental_chemicals,endocrine_disruptor,,urine,μg/g creatinine composite,,,,,,Phthalate exposure burden; endocrine disruption,,,commercial,,,,,"Mosaic GPL-TOX, Genova",,,"MEC-0008,MEC-0016",,,"HYP-0011,HYP-0043",,2026-04-30T01:50:29+00:00,2026-04-30T01:50:29+00:00,
BIO-0083,Bisphenol A (BPA),environmental_chemicals,endocrine_disruptor,,urine,μg/g creatinine,,,,,,,,,commercial,,,,,Mosaic GPL-TOX,,,MEC-0016,,,"HYP-0012,HYP-0043",,2026-04-30T01:50:29+00:00,2026-04-30T01:50:29+00:00,
BIO-0084,PFAS / PFOA composite,environmental_chemicals,forever_chemicals,,serum,ng/mL composite,,,,,,Per- and polyfluoroalkyl substances body burden,,,commercial,,,,,"Quest, specialty environmental labs",,Half-lives of years; reflects long-term exposure,"MEC-0001,MEC-0016",,,HYP-0004,,2026-04-30T01:50:29+00:00,2026-04-30T01:50:29+00:00,
BIO-0085,Organophosphate metabolites (DAPs),environmental_chemicals,pesticide,,urine,μmol/g creatinine composite,,,,,,Recent organophosphate pesticide exposure (dialkyl phosphates),,,commercial,,,,,"research labs, some specialty",,,MEC-0001,,,HYP-0014,,2026-04-30T01:50:29+00:00,2026-04-30T01:50:29+00:00,
BIO-0086,"Mycotoxin panel (aflatoxin, ochratoxin, gliotoxin, trichothecenes)",environmental_chemicals,mycotoxin,,urine,ng/g creatinine composite,,,,,,Mold-derived mycotoxin body burden,,,commercial,300,500,,,"Mosaic MycoTOX, Real Time Lab",,,"MEC-0001,MEC-0002",,,HYP-0016,,2026-04-30T01:50:29+00:00,2026-04-30T01:50:29+00:00,
BIO-0087,Volatile solvents (composite),environmental_chemicals,solvent,,urine,μg/g creatinine,,,,,,"Benzene, toluene, xylene, styrene exposure",,,commercial,,,,,Mosaic GPL-TOX,,,MEC-0001,,,,,2026-04-30T01:50:29+00:00,2026-04-30T01:50:29+00:00,
BIO-0088,Maternal anti-fetal-brain antibodies (MAR Antibodies),maternal_parental,autoantibody,,maternal_serum,positive/negative + specific antigens,,,,,,Maternal autoantibodies cross-reacting with fetal brain antigens,Maternal autoantibody-related autism subgroup; autoantibody-related ASD diagnosis,,specialty_research,,,,,UC Davis MIND Institute (research),,Per Braunschweig / Van de Water framework; ~20% of mothers of autistic children test positive,MEC-0002,,,"HYP-0008,HYP-0051",,2026-04-30T01:50:29+00:00,2026-04-30T01:50:29+00:00,
BIO-0089,Maternal MTHFR genotype,maternal_parental,genetic,,maternal_buccal_or_blood,genotype (CC/CT/TT for C677T; AA/AC/CC for A1298C),,,,,,Maternal MTHFR variant status — affects folate cycle in pregnancy,,,standard_clinical_or_dtc,,,,,"23andMe, Quest, LabCorp",self,Maternal C677T TT genotype + low folate elevates fetal NTD + ASD risk,MEC-0003,,INT-0008,HYP-0003,,2026-04-30T01:50:29+00:00,2026-04-30T01:50:29+00:00,
BIO-0090,Maternal serum vitamin D (during pregnancy),maternal_parental,nutritional,,maternal_serum,ng/mL,30,80,40,60,,Maternal vitamin D status during pregnancy — fetal neurodevelopment input,,Maternal D deficiency; offspring autism + general neurodevelopmental risk elevated,standard_clinical,,,,CLIA,,,,"MEC-0002,MEC-0029",,,"HYP-0020,HYP-0045",,2026-04-30T01:50:29+00:00,2026-04-30T01:50:29+00:00,
BIO-0091,Maternal CRP during pregnancy,maternal_parental,inflammation,,maternal_serum,mg/L,,,,,,Maternal systemic inflammation during pregnancy,Maternal immune activation risk; neuroinflammation-mediated developmental risk to fetus,,commercial,,,,,,,,MEC-0002,,,HYP-0008,,2026-04-30T01:50:29+00:00,2026-04-30T01:50:29+00:00,
BIO-0092,Maternal thyroid panel during pregnancy,maternal_parental,endocrine,,maternal_serum,composite,,,,,,"Maternal TSH, FT3, FT4, TPO antibodies during pregnancy",,,commercial,,,,CLIA,,,Maternal hypothyroidism (even subclinical) elevates offspring neurodevelopmental risk,MEC-0016,,,"HYP-0035,HYP-0048",,2026-04-30T01:50:29+00:00,2026-04-30T01:50:29+00:00,
BIO-0093,Cord blood acetaminophen / acetaminophen-protein adducts,maternal_parental,exposure_marker,,cord_blood,ng/mL,,,,,,Direct measurement of fetal acetaminophen exposure at birth,Documented fetal acetaminophen exposure; per Ji 2020 acetaminophen-ADHD/ASD literature,,research_only,,,,,,,,MEC-0001,,,HYP-0002,,2026-04-30T01:50:29+00:00,2026-04-30T01:50:29+00:00,Ji 2020 cord-blood biomarker study evidence (PMID 32519281).
BIO-0094,Cord-blood methylation signature,maternal_parental,epigenetic,,cord_blood,composite methylation array,,,,,,Newborn methylation profile reflecting in-utero environment,,,research_only,,,,,,,Research-grade; predictive for autism in some emerging analyses,MEC-0003,,,HYP-0072,,2026-04-30T01:50:29+00:00,2026-04-30T01:50:29+00:00,
BIO-0095,Paternal age,maternal_parental,epidemiologic,,self_report,years,,,,,,Paternal age at conception,Older paternal age (>40) elevates de novo mutation rate + sperm methylation drift,,commercial,,,,,,,Strong epidemiological signal; mechanistically epigenetic + de novo SNV,MEC-0003,,,"HYP-0009,HYP-0072",,2026-04-30T01:50:29+00:00,2026-04-30T01:50:29+00:00,
BIO-0096,Plasma zinc,trace_minerals,essential,,plasma,μg/dL,70,120,,,,Zinc status; cofactor for >300 enzymes,,Zinc deficiency; pyroluria; copper-overload secondary,commercial,,,,CLIA,,,,,,,HYP-0046,,2026-04-30T01:50:29+00:00,2026-04-30T01:50:29+00:00,
BIO-0097,RBC zinc,trace_minerals,essential,,rbc,μmol/L,,,,,,,,,specialty_clinical,,,,,,,More sensitive than plasma for cellular zinc status,,,,HYP-0046,,2026-04-30T01:50:29+00:00,2026-04-30T01:50:29+00:00,
BIO-0098,Plasma copper + ceruloplasmin,trace_minerals,essential,,serum,μg/dL,,,,,,Copper status; free vs ceruloplasmin-bound,Copper overload; Walsh framework biotype,,commercial,,,,CLIA,,,,,,,HYP-0046,,2026-04-30T01:50:29+00:00,2026-04-30T01:50:29+00:00,Per Walsh William framework. Free copper > 25% of total = overload.
BIO-0099,Cu:Zn ratio,trace_minerals,balance,,plasma,ratio,0.7,1.2,,,,Copper-to-zinc balance; key Walsh biotype indicator,"Copper overload phenotype; hyperactivity, sensory issues",,commercial,,,,,,,Walsh framework: optimal ≤1.0; >1.2 = copper overload phenotype,,,,HYP-0046,,2026-04-30T01:50:29+00:00,2026-04-30T01:50:29+00:00,Per Walsh framework.
BIO-0100,RBC magnesium,trace_minerals,essential,,rbc,mg/dL,,,,,,,,,specialty_clinical,,,,,,,More sensitive than serum Mg (which is tightly regulated),,,,HYP-0047,,2026-04-30T01:50:29+00:00,2026-04-30T01:50:29+00:00,
BIO-0101,Urinary iodine,trace_minerals,essential,,urine_24h_or_spot,μg/L,100,300,,,,Iodine status; thyroid function precursor,,Iodine deficiency; thyroid hypofunction risk,commercial,,,,CLIA,,,,MEC-0016,,,HYP-0048,,2026-04-30T01:50:29+00:00,2026-04-30T01:50:29+00:00,
BIO-0102,Selenium,trace_minerals,essential,,serum_or_rbc,μg/L,,,,,,Selenium status; glutathione peroxidase cofactor,,,commercial,,,,CLIA,,,,,,,HYP-0049,,2026-04-30T01:50:29+00:00,2026-04-30T01:50:29+00:00,
BIO-0103,Ferritin,trace_minerals,iron_storage,,serum,ng/mL,10,200,,,Pediatric ranges differ substantially: infants 10-200 ng/mL; toddlers 7-140; school-age 10-150. >30 is functional optimal floor but normal infants may run lower.,Iron storage; common deficiency in autistic kids,,Iron deficiency without anemia; common in restricted-diet ASD,commercial,,,,CLIA,,,,,,,HYP-0052,,2026-04-30T01:50:29+00:00,2026-04-30T01:50:29+00:00,
BIO-0104,Urinary kryptopyrroles,pyroluria,diagnostic,,urine,μg/dL,,20,,,,Kryptopyrroles bind/deplete B6 + zinc,Pyroluria phenotype; B6 + zinc + GLA + magnesium protocol,,specialty,,,,,"Direct Healthcare, ALCAT, Bio-Center Labs",,Sample handling matters — light-sensitive; freeze immediately,,,,HYP-0046,,2026-04-30T01:50:29+00:00,2026-04-30T01:50:29+00:00,Per Walsh framework + Pfeiffer Treatment Center historical work.
BIO-0105,RBC omega-3 index (EPA + DHA),fatty_acids,essential,,rbc,% of total fatty acids,8,,8,,,Long-term omega-3 status,,Omega-3 insufficiency; supplementation indicated,specialty,,,,,"OmegaQuant, Quest",,,MEC-0031,,,"HYP-0021,HYP-0064",,2026-04-30T01:50:29+00:00,2026-04-30T01:50:29+00:00,
BIO-0106,Omega-6/omega-3 ratio,fatty_acids,balance,,rbc,ratio,,,2,4,,Pro-/anti-inflammatory fatty acid balance,Pro-inflammatory diet; modern Western >15:1,,commercial,,,,,,,,"MEC-0002,MEC-0031",,,HYP-0021,,2026-04-30T01:50:29+00:00,2026-04-30T01:50:29+00:00,
BIO-0107,Trans-fatty acid fraction,fatty_acids,adverse,,rbc,% of total,,,,,,,Industrial trans-fat exposure; mostly historical now,,commercial,,,,,,,,,,,,,2026-04-30T01:50:29+00:00,2026-04-30T01:50:29+00:00,
BIO-0108,Mead acid (essential FA deficiency marker),fatty_acids,deficiency_indicator,,rbc,%,,,,,,,Essential fatty acid deficiency; severe restricted-diet ASD,,commercial,,,,,,,,,,,,,2026-04-30T01:50:29+00:00,2026-04-30T01:50:29+00:00,
BIO-0109,Zonulin,gi_barrier,permeability_marker,,serum_or_stool,ng/mL,,,,,,Tight-junction regulator; intestinal permeability marker,Increased intestinal permeability; 'leaky gut',,specialty,,,,,"Doctor's Data, Genova",,,"MEC-0008,MEC-0022",,,"HYP-0007,HYP-0059",,2026-04-30T01:50:29+00:00,2026-04-30T01:50:29+00:00,
BIO-0110,Lipopolysaccharide (LPS) / endotoxin,gi_barrier,endotoxemia,,serum,EU/mL,,,,,,Bacterial endotoxin in systemic circulation; barrier breach,Translocation of gut bacterial products; metabolic endotoxemia,,specialty_research,,,,,,,,"MEC-0008,MEC-0022",,,HYP-0059,,2026-04-30T01:50:29+00:00,2026-04-30T01:50:29+00:00,
BIO-0111,Calprotectin (fecal),gi_barrier,gi_inflammation,,stool,μg/g,,50,,,,Neutrophilic gut inflammation; elevated in IBD + chronic GI inflammation,Active GI inflammation; targeted GI workup indicated,,standard_clinical,,,,CLIA,,,,MEC-0008,,,HYP-0007,,2026-04-30T01:50:29+00:00,2026-04-30T01:50:29+00:00,
BIO-0112,Secretory IgA (sIgA),gi_barrier,mucosal_immunity,,stool_or_saliva,mg/dL,,,,,,Mucosal immune defense capacity,Active mucosal immune challenge,Compromised mucosal immunity,commercial,,,,,Doctor's Data,,,MEC-0008,,,,,2026-04-30T01:50:29+00:00,2026-04-30T01:50:29+00:00,
BIO-0113,Lactulose:mannitol ratio,gi_barrier,permeability_test,,urine_post_challenge,ratio,,,,,,Functional intestinal permeability test (gold standard),Increased permeability; leaky gut confirmed,,specialty,,,,,Genova,,,"MEC-0008,MEC-0022",,,HYP-0059,,2026-04-30T01:50:29+00:00,2026-04-30T01:50:29+00:00,
BIO-0114,"Full thyroid panel (TSH, FT3, FT4, rT3, TPO, TgAb)",endocrine,thyroid,,serum,composite,,,,,,Comprehensive thyroid function + autoimmunity,,,commercial,,,,CLIA,,,Standard pediatric thyroid panel often misses subclinical hypothyroidism,MEC-0016,,,"HYP-0035,HYP-0048",,2026-04-30T01:50:29+00:00,2026-04-30T01:50:29+00:00,
BIO-0115,DUTCH cortisol (4-point + free + total),endocrine,hpa_axis,,urine_dried,ng/mg creatinine composite,,,,,,Comprehensive HPA axis function — diurnal rhythm + total + free cortisol,,,specialty,,,,,Precision Analytical (DUTCH),,Per Precision Analytical DUTCH panel; reveals patterns serum cortisol misses,MEC-0016,,,"HYP-0036,HYP-0037",,2026-04-30T01:50:29+00:00,2026-04-30T01:50:29+00:00,
BIO-0116,DHEA-S,endocrine,steroid,,serum,μg/dL,,,,,,Adrenal androgen precursor; HPA reserve,,,commercial,,,,CLIA,,,,MEC-0016,,,,,2026-04-30T01:50:29+00:00,2026-04-30T01:50:29+00:00,
BIO-0117,"Sex hormones (estradiol, progesterone, testosterone — DUTCH metabolites)",endocrine,sex_hormones,,urine_dried,composite,,,,,,Sex hormone status + metabolism patterns,,,specialty,,,,,DUTCH,,Particularly relevant in adolescent ASD presentations,MEC-0016,,,,,2026-04-30T01:50:29+00:00,2026-04-30T01:50:29+00:00,
BIO-0118,Vasopressin (AVP),endocrine,neuropeptide,,serum_or_csf,pg/mL,,,,,,Vasopressin neuropeptide; social bonding mechanism,,,research,,,,,,,Research-grade; complementary to oxytocin; Carter framework,,,,HYP-0034,,2026-04-30T01:50:29+00:00,2026-04-30T01:50:29+00:00,
BIO-0119,Oxytocin,endocrine,neuropeptide,,plasma_or_csf,pg/mL,,,,,,Oxytocin neuropeptide; social cognition mechanism,,,research_specialty,,,,,,,,,,INT-0061,HYP-0034,,2026-04-30T01:50:29+00:00,2026-04-30T01:50:29+00:00,
BIO-0120,Melatonin (saliva or urinary 6-sulfatoxymelatonin),endocrine,circadian,,saliva_4_point_or_urine,pg/mL or μg/24h,,,,,,Circadian melatonin pattern; sleep-onset capability,,Melatonin deficiency; supplementation candidate,specialty,,,,,"DUTCH, Genova",,ASD frequently shows blunted melatonin rise,,,,HYP-0039,,2026-04-30T01:50:29+00:00,2026-04-30T01:50:29+00:00,
BIO-0121,Insulin / HOMA-IR,endocrine,insulin_resistance,,serum,μIU/mL + ratio,,,,,,Insulin sensitivity; metabolic dysfunction marker,Insulin resistance; emerging autism / metabolic overlap,,commercial,,,,CLIA,,,,"MEC-0011,MEC-0012",,INT-0037,"HYP-0018,HYP-0019",,2026-04-30T01:50:29+00:00,2026-04-30T01:50:29+00:00,
BIO-0122,IGF-1 + IGFBP-3,endocrine,growth_factor,,serum,ng/mL,,,,,,Insulin-like growth factor axis; growth + neurodevelopment,,,commercial,,,,CLIA,,,,MEC-0012,,,HYP-0032,,2026-04-30T01:50:29+00:00,2026-04-30T01:50:29+00:00,
BIO-0123,Mycoplasma pneumoniae IgM/IgG,chronic_infection,bacterial,,serum,titer,,,,,,Mycoplasma infection — frequent PANS trigger,,,commercial,,,,CLIA,,,,,,,HYP-0026,,2026-04-30T01:50:29+00:00,2026-04-30T01:50:29+00:00,
BIO-0124,Borrelia burgdorferi (Lyme) panel,chronic_infection,tick_borne,,serum,titer + Western blot,,,,,,Lyme disease antibodies,,,commercial,,,,,"Igenex, Quest",,ELISA + Western blot; igenex preferred for chronic suspicion,,,,HYP-0026,,2026-04-30T01:50:29+00:00,2026-04-30T01:50:29+00:00,
BIO-0125,Babesia + Bartonella (tick-borne co-infections),chronic_infection,tick_borne,,serum,titer,,,,,,Lyme co-infection panel,,,commercial,,,,,Igenex,,,,,,,,2026-04-30T01:50:29+00:00,2026-04-30T01:50:29+00:00,
BIO-0126,HHV-6 IgG/IgM + PCR,chronic_infection,herpesvirus,,serum_plasma,titer + viral load,,,,,,HHV-6 infection / reactivation status,Active or reactivated HHV-6 — emerging neuroimmune relevance,,specialty,,,,,"ARUP, Quest",,,,,,"HYP-0026,HYP-0008",,2026-04-30T01:50:29+00:00,2026-04-30T01:50:29+00:00,
BIO-0127,"EBV panel (VCA-IgG, VCA-IgM, EA, EBNA)",chronic_infection,herpesvirus,,serum,titer,,,,,,Epstein-Barr Virus infection stage,,,commercial,,,,CLIA,,,EA elevation suggests reactivation; pattern more informative than single titer,,,,,,2026-04-30T01:50:29+00:00,2026-04-30T01:50:29+00:00,
BIO-0128,CMV IgG/IgM,chronic_infection,herpesvirus,,serum,titer,,,,,,,,,commercial,,,,CLIA,,,Congenital CMV is a recognized cause of neurodevelopmental issues,,,,HYP-0025,,2026-04-30T01:50:29+00:00,2026-04-30T01:50:29+00:00,
BIO-0129,Toxoplasma IgG/IgM,chronic_infection,parasite,,serum,titer,,,,,,,,,commercial,,,,CLIA,,,Maternal toxoplasmosis is a TORCH-class infection cause,,,,HYP-0025,,2026-04-30T01:50:29+00:00,2026-04-30T01:50:29+00:00,
BIO-0130,Rubella IgG (immune status / maternal exposure history),chronic_infection,immune_status,,serum,IU/mL,,,,,,,,,commercial,,,,CLIA,,,Maternal congenital rubella syndrome is the classical environmental ASD cause,,,,HYP-0025,,2026-04-30T01:50:29+00:00,2026-04-30T01:50:29+00:00,
BIO-0131,C. difficile toxin (stool),chronic_infection,gi_pathogen,,stool,positive/negative + toxin,,,,,,C. difficile colonization / active infection,,,commercial,,,,CLIA,,,,MEC-0008,,INT-0076,"HYP-0007,HYP-0057",,2026-04-30T01:50:29+00:00,2026-04-30T01:50:29+00:00,
BIO-0132,Candida IgG + IgA,chronic_infection,fungal,,serum,EU/mL,,,,,,Systemic fungal exposure / colonization,,,commercial,,,,,,,Best paired with urinary arabinose for Candida picture,MEC-0008,,,HYP-0061,,2026-04-30T01:50:29+00:00,2026-04-30T01:50:29+00:00,
BIO-0133,ANA + extractable nuclear antigens,autoimmune,systemic,,serum,titer + pattern,,,,,,Anti-nuclear antibodies; systemic autoimmunity screen,,,commercial,,,,CLIA,,,,MEC-0002,,,HYP-0051,,2026-04-30T01:50:29+00:00,2026-04-30T01:50:29+00:00,
BIO-0134,Anti-tTG IgA + Anti-DGP IgA/IgG,autoimmune,celiac,,serum,U/mL,,,,,,"Celiac disease autoimmunity (anti-transglutaminase, anti-deamidated gliadin peptides)",Celiac disease likely; gluten-free diet medically indicated,,commercial,,,,CLIA,,,,"MEC-0008,MEC-0022",,,,,2026-04-30T01:50:29+00:00,2026-04-30T01:50:29+00:00,
BIO-0135,Thyroid antibodies (TPO + Tg),autoimmune,thyroid,,serum,IU/mL,,,,,,Hashimoto's thyroiditis screen,Thyroid autoimmunity; often coexists with broader autoimmune profile,,commercial,,,,CLIA,,,,,,,"HYP-0048,HYP-0051",,2026-04-30T01:50:29+00:00,2026-04-30T01:50:29+00:00,
BIO-0136,Anti-cardiolipin / anti-phospholipid,autoimmune,phospholipid,,serum,titer,,,,,,Antiphospholipid syndrome screen; coagulation autoimmunity,,,commercial,,,,CLIA,,,,,,,HYP-0051,,2026-04-30T01:50:29+00:00,2026-04-30T01:50:29+00:00,
BIO-0137,MRI cortical thickness (region-specific),brain_neuroimaging,structural_mri,,mri_imaging,mm,,,,,,"Cortical thickness in autism-relevant regions (STS, fusiform face area, prefrontal)",,,research,,,,,,,ASD shows region-specific thickness alterations; not yet clinically diagnostic but research-anchor,MEC-0006,,,HYP-0073,,2026-04-30T01:50:29+00:00,2026-04-30T01:50:29+00:00,
BIO-0138,Total brain volume / amygdala / cerebellar vermis volumetry,brain_neuroimaging,structural_mri,,mri_imaging,mm³,,,,,,Volumetric MRI abnormalities — early brain overgrowth + amygdala enlargement classical findings,,,research,,,,,,,Courchesne early brain overgrowth framework; cerebellar vermis hypoplasia in some,MEC-0006,,,"HYP-0071,HYP-0073",,2026-04-30T01:50:29+00:00,2026-04-30T01:50:29+00:00,
BIO-0139,DTI fractional anisotropy (white matter tracts),brain_neuroimaging,white_matter,,dti_mri,dimensionless,,,,,,White matter integrity; corpus callosum + arcuate fasciculus + cingulum changes,,,research,,,,,,,Reduced FA in long-range tracts; underlying connectivity-disorder hypothesis,MEC-0006,,,HYP-0073,,2026-04-30T01:50:29+00:00,2026-04-30T01:50:29+00:00,
BIO-0140,Resting-state fMRI default mode network connectivity,brain_neuroimaging,functional_mri,,fmri,connectivity z-score,,,,,,DMN functional connectivity; ASD shows local hyperconnectivity + long-distance hypoconnectivity,,,research,,,,,,,,MEC-0006,,,HYP-0073,,2026-04-30T01:50:29+00:00,2026-04-30T01:50:29+00:00,
BIO-0141,1H-MRS NAA / choline / creatine / glutamate-GABA,brain_neuroimaging,spectroscopy,,mrs,ratio + concentrations,,,,,,"In-vivo brain neurochemistry — neuronal viability (NAA), membrane turnover (Cho), energy buffer (Cr), excit/inhib balance",,,research,,,,,,,Reduced NAA in ASD; elevated glutamate/GABA ratio in some regions,"MEC-0007,MEC-0010,MEC-0020",,,"HYP-0006,HYP-0071",,2026-04-30T01:50:29+00:00,2026-04-30T01:50:29+00:00,
BIO-0142,PET-TSPO (translocator protein — microglial activation),brain_neuroimaging,pet,,pet_imaging,binding potential,,,,,,In-vivo microglial activation — neuroinflammation imaging,Active neuroinflammation; emerging biomarker for inflammatory ASD subgroup,,research_only,,,,,,,,"MEC-0002,MEC-0005",,,HYP-0008,,2026-04-30T01:50:29+00:00,2026-04-30T01:50:29+00:00,Cutting-edge; will become clinically actionable as PET-TSPO ligands mature.
BIO-0143,EEG resting-state spectral power (gamma/beta/alpha),brain_electrophysiology,resting_eeg,,eeg,power spectral density,,,,,,Resting-state EEG power; ASD shows characteristic gamma-band abnormalities,,,specialty_clinical_research,,,,,,,Gamma-band abnormalities reflect cortical excitation/inhibition imbalance,"MEC-0007,MEC-0020",,,HYP-0071,,2026-04-30T01:50:29+00:00,2026-04-30T01:50:29+00:00,
BIO-0144,ERP P300 amplitude / latency,brain_electrophysiology,erp,,eeg_evoked,μV + ms,,,,,,Attention / cognitive processing event-related potential,,,research,,,,,,,Reduced P300 amplitude common in ASD; attention/discrimination correlate,"MEC-0006,MEC-0020",,,HYP-0073,,2026-04-30T01:50:29+00:00,2026-04-30T02:06:58+00:00,
BIO-0145,ERP MMN (mismatch negativity),brain_electrophysiology,erp,,eeg_evoked,μV + ms,,,,,,Auditory deviance detection; preconscious sensory processing,,,research,,,,,,,Atypical MMN in ASD; sensory-processing biomarker,"MEC-0006,MEC-0020",,,HYP-0073,,2026-04-30T01:50:29+00:00,2026-04-30T02:06:58+00:00,
BIO-0146,ERP N170 (face processing),brain_electrophysiology,erp,,eeg_evoked,μV + ms,,,,,,Face-specific occipitotemporal response; social-cognition correlate,,,research,,,,,,,Atypical N170 in ASD; social-information processing biomarker,MEC-0006,,,HYP-0073,,2026-04-30T01:50:29+00:00,2026-04-30T02:06:58+00:00,
BIO-0147,qEEG coherence pattern,brain_electrophysiology,qeeg,,eeg,coherence + asymmetry pattern,,,,,,Quantitative EEG connectivity patterns,,,specialty_clinical,,,,,,,Characteristic ASD coherence patterns; some clinical neurofeedback application,"MEC-0006,MEC-0020",,,HYP-0071,,2026-04-30T01:50:29+00:00,2026-04-30T02:06:58+00:00,
BIO-0148,Gaze fixation pattern (eye-tracking),brain_eye_autonomic,eye_tracking,,eye_tracking,dwell time + pattern,,,,,,Atypical face/eye fixation patterns characteristic of ASD,,,research_specialty,,,,,,,Pelphrey/Klin framework; reduced eye-region fixation,MEC-0006,,,HYP-0073,,2026-04-30T01:50:29+00:00,2026-04-30T02:06:58+00:00,Increasingly available in specialized clinics. EarliPoint and other commercial platforms emerging.
BIO-0149,Pupillometry / pupil response,brain_eye_autonomic,autonomic,,eye_tracking,pupil diameter dynamics,,,,,,Autonomic readout via pupil dynamics,,,research,,,,,,,Atypical pupil light response and task-evoked dilation in ASD,MEC-0019,,,,,2026-04-30T01:50:29+00:00,2026-04-30T02:06:58+00:00,
BIO-0150,Heart rate variability (HRV),brain_eye_autonomic,autonomic,,ecg,rMSSD + SDNN + HF/LF,,,,,,Vagal tone / autonomic regulation,,Reduced parasympathetic regulation; dysautonomia common in ASD + MCAS overlap,commercial_wearable_or_clinical,,,,,,,"Polyvagal framework; many wearable devices measure (Polar, Whoop, Oura)",MEC-0019,,,,,2026-04-30T01:50:29+00:00,2026-04-30T01:50:29+00:00,
BIO-0151,CSF cytokines,brain_csf,csf_inflammation,,csf,pg/mL composite,,,,,,"Direct CNS cytokine measurement (IL-6, TNF-α, IL-1β, others)",,,research_or_clinical_indication,,,,,,,Invasive but most direct neuroinflammation measure,"MEC-0002,MEC-0005",,,HYP-0008,,2026-04-30T01:50:29+00:00,2026-04-30T01:50:29+00:00,
BIO-0152,CSF tau / NfL,brain_csf,neuronal_injury,,csf,pg/mL,,,,,,Neuronal injury markers — emerging in autism research,,,research_clinical,,,,,,,Rare in autism; may be relevant in regressive subgroup,MEC-0006,,,HYP-0073,,2026-04-30T01:50:29+00:00,2026-04-30T02:06:58+00:00,
BIO-0153,Serum BDNF (brain-derived neurotrophic factor),brain_peripheral,neurotrophic,,serum,ng/mL,,,,,,Neurotrophin reflecting CNS plasticity / neurogenesis,,,specialty_research,,,,,,,Mixed findings in ASD — both elevated and reduced reported in subgroups,MEC-0028,,,HYP-0073,,2026-04-30T01:50:29+00:00,2026-04-30T02:06:58+00:00,
BIO-0154,Serum S100β (astrocyte marker / BBB disruption),brain_peripheral,astrocyte,,serum,μg/L,,,,,,Astrocyte injury / BBB permeability marker,BBB disruption; emerging neuroinflammation biomarker,,specialty_research,,,,CLIA,,,,"MEC-0004,MEC-0005",,,HYP-0008,,2026-04-30T01:50:29+00:00,2026-04-30T01:50:29+00:00,
BIO-0155,Serum GFAP (glial fibrillary acidic protein),brain_peripheral,astrocyte,,serum,pg/mL,,,,,,Astrocyte activation marker; elevated in many neurological conditions,,,research_to_specialty,,,,,,,,MEC-0005,,,,,2026-04-30T01:50:29+00:00,2026-04-30T01:50:29+00:00,
BIO-0156,Serum neurofilament light chain (NfL),brain_peripheral,neuronal_injury,,serum,pg/mL,,,,,,Axonal damage marker — emerging biomarker of CNS neuronal injury,,,specialty_research,,,,,,,Rising clinical use; emerging in pediatric neurodevelopmental contexts,MEC-0006,,,HYP-0073,,2026-04-30T01:50:29+00:00,2026-04-30T02:06:58+00:00,
BIO-0157,Serum tau,brain_peripheral,neuronal_injury,,serum,pg/mL,,,,,,Neuronal microtubule-associated protein; neurodegeneration marker,,,research,,,,,,,Limited but emerging autism-relevance,MEC-0006,,,HYP-0073,,2026-04-30T01:50:29+00:00,2026-04-30T02:06:58+00:00,
BIO-0158,HSP70 / HSP90 plasma levels,heat_shock,stress_response,,plasma,ng/mL,,,,,,Heat shock protein induction; cellular stress response capacity,,,research,,,,,,,Per Curran fever-effect framework; HSP70 induction may underlie 'fever improves autism' subgroup,MEC-0027,,,HYP-0065,,2026-04-30T01:50:29+00:00,2026-04-30T01:50:29+00:00,
BIO-0159,Anandamide (AEA),endocannabinoid,endocannabinoid,,plasma,pmol/mL,,,,,,Primary endocannabinoid; CB1/CB2 receptor agonist,,,research,,,,,,,,MEC-0018,,,HYP-0055,,2026-04-30T01:50:29+00:00,2026-04-30T01:50:29+00:00,
BIO-0160,2-arachidonoylglycerol (2-AG),endocannabinoid,endocannabinoid,,plasma,pmol/mL,,,,,,Major endocannabinoid; full CB1/CB2 agonist,,,research,,,,,,,,MEC-0018,,,HYP-0055,,2026-04-30T01:50:29+00:00,2026-04-30T01:50:29+00:00,
BIO-0161,MTHFR C677T genotype,genetic_snp,methylation_genetic,,buccal_or_blood,genotype (CC/CT/TT),,,,,,C677T variant — affects 5-MTHF activation efficiency,,,commercial_dtc,,,,,"23andMe, Quest, LabCorp",self,TT homozygous: 70% reduction in MTHFR activity; needs methylated folate not folic acid,MEC-0003,,INT-0008,"HYP-0001,HYP-0003",,2026-04-30T01:50:29+00:00,2026-04-30T01:50:29+00:00,
BIO-0162,MTHFR A1298C genotype,genetic_snp,methylation_genetic,,buccal_or_blood,genotype (AA/AC/CC),,,,,,A1298C variant — affects MTHFR activity differently than C677T,,,commercial_dtc,,,,,,self,,MEC-0003,,,HYP-0001,,2026-04-30T01:50:29+00:00,2026-04-30T01:50:29+00:00,
BIO-0163,COMT V158M (Val/Met) genotype,genetic_snp,catecholamine_genetic,,buccal_or_blood,"genotype (Val/Val, Val/Met, Met/Met)",,,,,,Catechol-O-methyltransferase variant — affects dopamine breakdown,,,commercial_dtc,,,,,,self,"Met/Met = slow COMT, more sensitive to methyl donors; affects stimulant + SSRI response","MEC-0003,MEC-0007",,,,,2026-04-30T01:50:29+00:00,2026-04-30T01:50:29+00:00,
BIO-0164,CBS upregulation variants,genetic_snp,transsulfuration_genetic,,buccal_or_blood,genotype,,,,,,Cystathionine beta-synthase upregulators — accelerate transsulfuration,,,commercial,,,,,,self,,MEC-0003,,,,,2026-04-30T01:50:29+00:00,2026-04-30T01:50:29+00:00,
BIO-0165,Vitamin D 25-OH (child / direct),trace_minerals,essential_vitamin,,serum,ng/mL,30,80,40,60,,Direct child vitamin D status — most-studied single nutrient biomarker in autism,,Vitamin D deficiency (<30 ng/mL) very common in autism; immune dysregulation + serotonin synthesis (TPH2) impacts,standard_clinical,40,80,,CLIA,"Quest, LabCorp",,Target 40-60 ng/mL for autism. Most pediatric mainstream 'normal' (>20) is inadequate.,"MEC-0002,MEC-0029",,,"HYP-0045,HYP-0062",,2026-04-30T02:06:58+00:00,2026-04-30T02:06:58+00:00,
BIO-0166,Urinary porphyrins (heavy metal body burden surrogate),heavy_metals,body_burden_surrogate,,urine_24h,μg/g creatinine,,,,,,Porphyrin profile reflecting heavy metal interference with heme synthesis,Mercury and/or other heavy metal body burden suggested,,commercial,100,250,,,"Doctor's Data, Lab Corp",,Coproporphyrin / pentacarboxyporphyrin / precoproporphyrin patterns specific for mercury; clinically used in autism heavy-metal subgroup workup,"MEC-0001,MEC-0010",,,"HYP-0015,HYP-0069",,2026-04-30T02:06:58+00:00,2026-04-30T02:06:58+00:00,
BIO-0167,FUT2 secretor status genotype,genetic_snp,microbiome_genetic,,buccal_or_blood,genotype (secretor/non-secretor),,,,,,"FUT2 alpha-1,2-fucosyltransferase variant; non-secretors have altered B12 absorption + microbiome composition",,,commercial_dtc,,,,,"23andMe, SelfDecode",self,"Non-secretors (~20% population) have lower B12, less Bifidobacterium, different microbiome — affects autism workup interpretation",MEC-0008,,,"HYP-0007,HYP-0056",,2026-04-30T02:06:58+00:00,2026-04-30T02:06:58+00:00,
BIO-0168,Urinary oxalate,oat_microbial,oxalate,,urine_24h_or_spot,mmol/g creatinine,,,,,,Oxalate excretion — high oxalate ↔ Candida + GI permeability + mito stress,Oxalate overload; GI absorption issues + Candida + low-oxalate diet candidate,,commercial,,,,,"Mosaic OAT, Great Plains",,Per Susan Costen Owens / Trying Low Oxalates framework,"MEC-0008,MEC-0010",,,"HYP-0007,HYP-0061",,2026-04-30T02:06:58+00:00,2026-04-30T02:06:58+00:00,
BIO-0169,CYP2D6 genotype,genetic_snp,pharmacogenomic,,buccal_or_blood,phenotype (poor/intermediate/normal/rapid/ultra-rapid metabolizer),,,,,,"CYP2D6 drug-metabolism variant — affects SSRI, antipsychotic, atomoxetine, codeine response",,,standard_clinical,,,,CLIA,"GeneSight, Genomind, Tempus PGx, standard clinical labs",self,Critical pre-prescription test for autistic kids being prescribed psychotropics. Ultra-rapid metabolizers can have toxic effects at standard doses; poor metabolizers can have no effect.,,,,,,2026-04-30T02:06:58+00:00,2026-04-30T02:06:58+00:00,
BIO-0170,CYP3A4 / CYP3A5 genotype,genetic_snp,pharmacogenomic,,buccal_or_blood,phenotype,,,,,,"CYP3A4/5 metabolism — affects benzodiazepines, statins, immunosuppressants (rapamycin)",,,standard_clinical,,,,CLIA,,self,Important for rapamycin dosing in TSC/PTEN autism subgroups,,,INT-0036,,,2026-04-30T02:06:58+00:00,2026-04-30T02:06:58+00:00,
BIO-0171,CYP2C19 genotype,genetic_snp,pharmacogenomic,,buccal_or_blood,phenotype,,,,,,"CYP2C19 metabolism — affects PPIs, SSRIs (citalopram, escitalopram), clobazam",,,standard_clinical,,,,CLIA,,self,Common SSRI metabolism variant; pediatric prescribing implications,,,,,,2026-04-30T02:06:58+00:00,2026-04-30T02:06:58+00:00,
BIO-0172,Anti-NMDA receptor antibodies,autoimmune,autoimmune_encephalitis,,serum_or_csf,titer,,,,,,Anti-NMDA receptor encephalitis screen — distinct from PANS/PANDAS,Autoimmune encephalitis; immunotherapy candidate,,commercial,,,,CLIA,"Mayo Clinic, ARUP, Quest",,CSF testing more sensitive than serum,"MEC-0002,MEC-0020",,,"HYP-0026,HYP-0051",,2026-04-30T02:06:58+00:00,2026-04-30T02:06:58+00:00,
BIO-0173,Anti-MOG (myelin oligodendrocyte glycoprotein),autoimmune,autoimmune_encephalitis,,serum_or_csf,titer,,,,,,MOG antibody disease screen; CNS demyelination,,,commercial,,,,CLIA,Mayo Clinic,,,,,,HYP-0051,,2026-04-30T02:06:58+00:00,2026-04-30T02:06:58+00:00,
BIO-0174,Anti-GAD65 antibodies,autoimmune,autoimmune_encephalitis,,serum_or_csf,titer,,,,,,GAD65 autoimmunity — affects GABA synthesis; rare encephalitis cause,,,commercial,,,,CLIA,,,Connects to GABA developmental switch hypothesis,"MEC-0007,MEC-0034",,,HYP-0071,,2026-04-30T02:06:58+00:00,2026-04-30T02:06:58+00:00,
BIO-0175,Salivary cortisol awakening response (CAR),endocrine,hpa_axis_alternative,,saliva_morning,nmol/L composite,,,,,,Cortisol awakening response — HPA axis alternative to DUTCH,,,specialty,,,,,"ZRT Lab, Genova",,"4-point morning saliva (waking, +30min, +45min, +60min); reveals HPA reactivity that single morning cortisol misses",MEC-0016,,,"HYP-0036,HYP-0037",,2026-04-30T02:06:58+00:00,2026-04-30T02:06:58+00:00,
BIO-0176,"Lipid panel (TC, LDL, HDL, triglycerides)",endocrine,metabolic,,serum,mg/dL composite,,,,,,Lipid metabolism; emerging metabolic-autism overlap,,,standard_clinical,,,,CLIA,,,Low total cholesterol can indicate Smith-Lemli-Opitz; high triglycerides ↔ insulin resistance subgroup,"MEC-0011,MEC-0012",,,"HYP-0018,HYP-0019",,2026-04-30T02:06:58+00:00,2026-04-30T02:06:58+00:00,
BIO-0177,ApoE genotype,genetic_snp,lipid_genetic,,buccal_or_blood,genotype (E2/E3/E4),,,,,,"Apolipoprotein E variant — lipid metabolism, neuroinflammation, BBB permeability",,,commercial_dtc,,,,,"23andMe, ApoE-specific clinical tests",self,E4 carriers more vulnerable to neuroinflammation + BBB disruption; emerging autism research relevance,"MEC-0004,MEC-0031",,,,,2026-04-30T02:06:58+00:00,2026-04-30T02:06:58+00:00,
BIO-0178,Comprehensive Stool Analysis (GI-MAP / CDSA composite),gi_barrier,comprehensive_panel,,stool,qPCR composite,,,,,,Strain-level bacterial / fungal / parasite / viral quantification + barrier + inflammation markers,,,specialty,350,500,,,"Diagnostic Solutions Lab (GI-MAP), Doctor's Data CDSA, Genova GI Effects",,"Per Diagnostic Solutions Lab GI-MAP framework; complements OAT (which measures metabolites, not organisms)",MEC-0008,PHE-0004,"INT-0076,INT-0025","HYP-0007,HYP-0056,HYP-0057,HYP-0061",,2026-04-30T02:06:58+00:00,2026-04-30T02:06:58+00:00,
