id,name,category,description,affected_population,status,mainstream_consensus_position,confidence_score,evidence_count,evidence_quality_index,consistency_index,created_at,last_updated,notes,category_legacy,evidence_strength_legacy,epidemiological_strength_legacy,mitigation_intervention_ids_legacy,source_pmids_legacy,csrs_score_legacy,csrs_last_updated_legacy
HYP-0001,FOLR1 autoantibodies / cerebral folate deficiency,other,Maternal or postnatal autoantibodies to FOLR1 block folate transport across blood-brain barrier; causes cerebral folate deficiency phenotype responsive to high-dose folinic acid.,~10-25% of cases (subset),active,,0.7913,39,0.8783,0.6088,2026-04-24T17:07:31+00:00,2026-04-29T22:13:43+00:00,Frye et al. multiple replications,pharmacological,4,4,INT-0001,30097774;28250023,,
HYP-0002,Prenatal acetaminophen (paracetamol) exposure,other,Prenatal acetaminophen associated with increased autism/ADHD risk in multiple cohorts; biological plausibility via oxidative stress and endocannabinoid disruption.,Population-wide if used,active,,0.6621,29,0.8542,0.6373,2026-04-24T17:07:31+00:00,2026-04-29T22:13:43+00:00,Sibling-controlled analyses ongoing,pharmacological,3,3,,37856443;34816275,,
HYP-0003,Maternal folate deficiency during preconception/pregnancy,other,Inadequate methylated folate during neural tube formation increases autism risk; methylated folate supplementation reduces risk in MoBa cohort.,Variable by population,active,,0.6860,14,0.6747,1.0000,2026-04-24T17:07:31+00:00,2026-04-29T22:13:43+00:00,Surén 2013 MoBa,dietary,4,4,INT-0008,23209385;28196005,,
HYP-0004,PFAS / forever-chemical drinking-water exposure,environmental,"Endocrine-disrupting forever chemicals interfere with thyroid hormone, immune development, and neurodevelopment in utero; bioaccumulate over years; documented contamination in Miami-Dade and other airport-adjacent areas.",Geographic — anywhere with contaminated water,active,,0.5660,29,0.8281,0.7836,2026-04-24T17:07:31+00:00,2026-04-29T22:13:43+00:00,Miami Beach PFAS case study,environmental,3,3,INT-0009,37949131,,
HYP-0005,Glyphosate exposure (food + water),environmental,Glyphosate disrupts gut microbiome shikimate pathway; secondary effects on neurotransmitter synthesis and immune development; epidemiology mixed but mechanistically plausible.,Population-wide via diet,active,,0.6834,29,0.8149,0.7836,2026-04-24T17:07:31+00:00,2026-04-29T22:13:43+00:00,Mostly mechanistic + ecological evidence,environmental,2,2,INT-0009,32569579,,
HYP-0006,Mitochondrial dysfunction (acquired or inherited),genetic,"Subset of autism cases show elevated lactate/pyruvate, abnormal muscle biopsy, and respond to mitochondrial cocktails; may be primary or secondary to oxidative stress.",~30-50% of cases show mitochondrial markers,active,,0.5730,47,0.9333,0.3194,2026-04-24T17:07:31+00:00,2026-04-29T22:13:43+00:00,Frye + Rossignol consensus,genetic,4,4,,20186120;21484871,,
HYP-0007,Gut microbiome dysbiosis / dysbiotic fermentation,other,Distinct gut microbiome composition in autism; enriched Clostridia and depleted SCFA producers; microbial metabolites cross BBB and modulate behavior; FMT trials show durable improvement.,Highly variable,active,,0.6834,41,0.8780,0.3994,2026-04-24T17:07:31+00:00,2026-04-29T22:13:43+00:00,Kang 2017+2019 FMT trials,microbiome,3,3,,30857620;30900698,,
HYP-0008,Maternal immune activation (prenatal infection or autoimmune),other,Maternal infection or autoimmune activation during pregnancy releases cytokines that cross placenta and disrupt fetal neurodevelopment; replicated in animal models and epidemiological studies.,Variable by exposure,active,,0.6149,44,0.8908,0.1887,2026-04-24T17:07:31+00:00,2026-04-29T22:13:43+00:00,Estes & McAllister 2016 review,infectious,4,4,,27974083,,
HYP-0009,Advanced parental age (especially paternal),genetic,Paternal age associated with de novo mutations including in autism-risk genes; effect size modest but consistent across cohorts.,Increases with parental age,active,,0.2524,2,0.1746,1.0000,2026-04-24T17:07:31+00:00,2026-04-29T22:13:43+00:00,Kong 2012 Iceland whole-genome,genetic,3,3,,21912365,,
HYP-0010,Prenatal valproate (sodium valproate) exposure,other,Valproate during pregnancy causes ~10x increased autism risk; HDAC inhibitor mechanism; FDA warning; widely used as ASD model in animal research.,Children of women on valproate during pregnancy,active,,0.5743,22,0.7475,1.0000,2026-04-24T17:07:31+00:00,2026-04-29T22:13:43+00:00,Christensen 2013 cohort,pharmacological,5,5,,23613074,,
HYP-0011,Phthalate exposure (prenatal+postnatal),environmental,Phthalates endocrine disruptors; prenatal exposure neurodevelopmental delays.,Population-wide via plastics,active,,0.3732,1,0.1991,1.0000,2026-04-24T17:07:31+00:00,2026-04-29T22:13:43+00:00,,environmental,3,3,INT-0052,32569579,,
HYP-0012,BPA / bisphenol exposure,environmental,Disrupts thyroid+estrogen signaling; prenatal-autism associations.,Population-wide via plastics,active,,0.3732,1,0.1991,1.0000,2026-04-24T17:07:31+00:00,2026-04-29T22:13:43+00:00,,environmental,3,3,INT-0052,,,
HYP-0013,"Air pollution (PM2.5, traffic)",environmental,Strong epi evidence linking prenatal/early-life PM2.5 to autism.,Urban + freeway-adjacent,active,,0.2960,1,0.1201,1.0000,2026-04-24T17:07:31+00:00,2026-04-29T22:13:43+00:00,,environmental,4,4,INT-0051,,,
HYP-0014,"Pesticide exposure (organophosphates, glyphosate)",environmental,Prenatal organophosphate documented; glyphosate increasing evidence.,Agricultural + dietary,active,,0.0800,0,0.0000,0.0000,2026-04-24T17:07:31+00:00,2026-04-29T22:13:43+00:00,,environmental,3,3,INT-0053,,,
HYP-0015,"Heavy metal exposure (Pb, Hg, Al)",environmental,Lead well-established; mercury/aluminum in autism debated.,Geographically variable,active,,0.3122,3,0.4666,0.0817,2026-04-24T17:07:31+00:00,2026-04-29T22:13:43+00:00,,environmental,3,3,INT-0009,,,
HYP-0016,Mold / mycotoxin exposure,environmental,Mycotoxins linked to immune dysregulation.,Hidden mold subset,active,,0.0800,0,0.0000,0.0000,2026-04-24T17:07:31+00:00,2026-04-29T22:13:43+00:00,,environmental,2,2,INT-0054,,,
HYP-0017,EMF exposure (controversial),environmental,Postulated via oxidative stress; evidence sparse.,Population-wide,active,,0.0967,0,0.0000,0.0000,2026-04-24T17:07:31+00:00,2026-04-29T22:13:43+00:00,,environmental,1,1,INT-0050,,,
HYP-0018,"Maternal diabetes (GDM, T2)",other,Significantly increases offspring autism risk via inflammation/hyperglycemia.,GDM-affected pregnancies,active,,0.0967,0,0.0000,0.0000,2026-04-24T17:07:31+00:00,2026-04-29T22:13:43+00:00,,dietary,4,4,,,,
HYP-0019,Maternal obesity,other,Associated with offspring autism; partial inflammation mediation.,Obesity-affected pregnancies,active,,0.0967,0,0.0000,0.0000,2026-04-24T17:07:31+00:00,2026-04-29T22:13:43+00:00,,dietary,3,3,,,,
HYP-0020,Maternal vitamin D deficiency,other,Maternal vitamin D deficiency in pregnancy associated with offspring autism.,Variable by latitude,active,,0.0800,0,0.0000,0.0000,2026-04-24T17:07:31+00:00,2026-04-29T22:13:43+00:00,,dietary,3,3,INT-0013,,,
HYP-0021,Maternal omega-3 deficiency,other,Inadequate maternal DHA associated with neurodevelopmental risk.,Western diet populations,active,,0.0967,0,0.0000,0.0000,2026-04-24T17:07:31+00:00,2026-04-29T22:13:43+00:00,,dietary,3,3,INT-0014,,,
HYP-0022,Early-life antibiotics (especially first year),other,Multiple early-life antibiotics disrupt gut microbiome maturation.,Antibiotic-exposed infants,active,,0.1133,0,0.0000,0.0000,2026-04-24T17:07:31+00:00,2026-04-29T22:13:43+00:00,,pharmacological,3,3,INT-0025,,,
HYP-0023,Cesarean section delivery,other,Bypasses vaginal microbiome seeding; modest risk increase.,C-section deliveries,active,,0.1133,0,0.0000,0.0000,2026-04-24T17:07:31+00:00,2026-04-29T22:13:43+00:00,,pharmacological,2,2,INT-0059,,,
HYP-0024,Maternal SSRI in pregnancy,other,Modest risk increase; confounded by underlying depression.,SSRI-treated pregnancies,active,,0.3279,1,0.2263,1.0000,2026-04-24T17:07:31+00:00,2026-04-29T22:13:43+00:00,,pharmacological,2,2,,,,
HYP-0025,"Prenatal viral infection (rubella, CMV, flu)",other,Maternal immune activation; rubella historically; CMV ongoing.,Variable,active,,0.0967,0,0.0000,0.0000,2026-04-24T17:07:31+00:00,2026-04-29T22:13:43+00:00,,infectious,4,4,,,,
HYP-0026,"PANDAS/PANS triggers (strep, mycoplasma)",other,Post-infectious autoimmune syndrome with sudden regression.,Subset,active,,0.0800,0,0.0000,0.0000,2026-04-24T17:07:31+00:00,2026-04-29T22:13:43+00:00,,infectious,3,3,INT-0006,,,
HYP-0027,De novo mutations in synaptic genes,genetic,De novo LoF in SHANK3/NRXN/NLGN; whole-exome standard.,~10-30% of cases,active,,0.5493,3,0.4310,1.0000,2026-04-24T17:07:31+00:00,2026-04-29T22:13:43+00:00,,genetic,5,5,,,,
HYP-0028,Inherited polygenic risk,genetic,"Common variant polygenic risk explains ~50% of autism heritability; rare large-effect variants account for additional ~5-15%. ASD risk genes (781 SFARI Tier 1+2 + ~470 Tier 3 / OpenTargets / Syndromic — essentially 100% of the gene catalog wired here) converge on a smaller set of mechanisms: synaptic pruning (MEC-0006), GABA/glutamate imbalance (MEC-0007), mTOR pathway (MEC-0009), chromatin/methylation (MEC-0003). **Ancient trade-off framing** (per autism gene evolution literature): at least ~50% of autism-linked genes are ancient, long, and deeply conserved — they arose during major expansions of vertebrate brain complexity and whole-genome duplications (>500 million years ago). They sit in large protein complexes governing synapse formation, plasticity, and long-range connectivity; small deviations produce big network-level changes. In this view, autism is partly a by-product of the same evolutionary genetic machinery that built highly plastic, high-bandwidth social brains. The risk comes packaged with the upside. This framing is consistent with HYP-0073 (developmental timing): ancient genes have evolutionarily-conserved spatiotemporal expression windows, and disruption within those windows produces the phenotype.",Population-wide,active,,0.7815,7,0.6246,1.0000,2026-04-24T17:07:31+00:00,2026-04-29T22:13:43+00:00,,genetic,4,4,,,,
HYP-0029,Tuberous sclerosis (TSC1/TSC2),genetic,Single-gene mTOR pathway; rapamycin FDA-approved.,TSC patients (~50% ASD),active,,0.4420,1,0.0487,1.0000,2026-04-24T17:07:31+00:00,2026-04-29T22:13:43+00:00,,genetic,5,5,INT-0036,,,
HYP-0030,PTEN hamartoma syndrome,genetic,Single-gene mTOR; macrocephaly+autism phenotype.,PTEN variants,active,,0.2333,0,0.0000,0.0000,2026-04-24T17:07:31+00:00,2026-04-29T22:13:43+00:00,,genetic,5,5,INT-0036,,,
HYP-0031,AMPK pathway dysregulation,metabolic,"Reduced AMPK activity correlates with impaired autophagy, mitochondrial dysfunction, and metabolic inflexibility in autism subset. Targetable by metformin, berberine, exercise, caloric restriction.",Subset with mitochondrial markers + metabolic dysregulation,active,,0.4263,2,0.1994,1.0000,2026-04-27T21:14:42+00:00,2026-04-29T22:13:43+00:00,Cross-cuts mitochondrial subtype (PHE-0002).,,,,,,,
HYP-0032,IGF-1 axis insufficiency,metabolic,"Low circulating IGF-1 reported in autism subsets, especially Rett (MECP2) and Phelan-McDermid (SHANK3). IGF-1 supplementation trials show signal in syndromic forms.","Rett, Phelan-McDermid, idiopathic subset",active,,0.6671,3,0.4889,1.0000,2026-04-27T21:14:42+00:00,2026-04-29T22:13:43+00:00,IGF-1 trial ongoing in PMS.,,,,,,,
HYP-0033,SIRTUIN / NAD+ depletion,metabolic,"Reduced NAD+ levels and SIRT1/3 activity in autism cohorts; implicated in mitochondrial dysfunction and synaptic plasticity deficits. Restoration via NAD+ precursors (NMN, NR) explored.","Mitochondrial subset, possibly population-wide low-grade",active,,0.3542,1,0.1306,1.0000,2026-04-27T21:14:42+00:00,2026-04-29T22:13:43+00:00,Emerging area; mostly preclinical evidence.,,,,,,,
HYP-0034,Oxytocin system dysregulation,epigenetic,Reduced plasma and CSF oxytocin in autism; hypermethylation of OXTR gene reported. Intranasal oxytocin trials positive in subset for social cognition.,Population-wide signal; responder subset,active,,0.5607,2,0.4049,1.0000,2026-04-27T21:14:42+00:00,2026-04-29T22:13:43+00:00,OXTR epigenetic biomarker promising.,,,,,,,
HYP-0035,Maternal/prenatal thyroid hypofunction,endocrine,Maternal hypothyroxinemia during pregnancy associated with increased autism risk in offspring; iodine deficiency a major modifiable cause. Window: first trimester.,Iodine-deficient regions; gestational hypothyroidism,active,,0.3838,1,0.2263,1.0000,2026-04-27T21:14:42+00:00,2026-04-29T22:13:43+00:00,Modesto 2015 cohort.,,,,,,,
HYP-0036,Maternal psychological stress (prenatal),perinatal,Severe maternal psychological stress during pregnancy associated with increased autism risk; mechanism via cortisol transfer and HPA programming.,Pregnancies with major life stressors,active,,0.5227,2,0.5120,1.0000,2026-04-27T21:14:42+00:00,2026-04-29T22:13:43+00:00,Confounded with depression.,,,,,,,
HYP-0037,Childhood/family emotional stress,social,"Adverse childhood experiences and chronic family stress exacerbate autism phenotype severity (regression risk, behavioral dysregulation). Distinct from causation.",Subset; modifies trajectory,active,,0.5957,3,0.5852,1.0000,2026-04-27T21:14:42+00:00,2026-04-29T22:13:43+00:00,Evidence largely correlational.,,,,,,,
HYP-0038,Excessive screen / smartphone exposure (early life),behavioral,Heavy screen exposure in 0-3y associated with autism-like social-communication delays; mechanism debated (displacement of social input vs direct neurodevelopmental).,Children with high (>2h/day) toddler screen time,active,,0.3502,1,0.0929,1.0000,2026-04-27T21:14:42+00:00,2026-04-29T22:13:43+00:00,Madigan 2020 JAMA Pediatrics.,,,,,,,
HYP-0039,Sleep disruption / circadian misalignment,behavioral,"Sleep architecture abnormalities (reduced REM, fragmented sleep) common in autism; bidirectional with neuroinflammation and behavioral severity.",~50-80% of autism cases have sleep disturbance,active,,0.6747,4,0.7396,1.0000,2026-04-27T21:14:42+00:00,2026-04-29T22:13:43+00:00,Bedtime melatonin trials positive.,,,,,,,
HYP-0040,"Birth complications (hypoxia, instrumental delivery)",perinatal,"Perinatal hypoxia, forceps/vacuum delivery, and prolonged labor associated with modestly increased autism risk via ischemic injury and inflammation.",Complicated births subset,active,,0.4903,2,0.3532,1.0000,2026-04-27T21:14:42+00:00,2026-04-29T22:13:43+00:00,Effect size modest; confounded.,,,,,,,
HYP-0041,Preterm birth / NICU exposure,perinatal,"Preterm infants (<32 weeks) have 2-4x autism risk; mechanisms include white matter injury, NICU environmental stress, impaired microbiome seeding.",~10% of autism cases attributable,active,,0.7174,5,0.7530,1.0000,2026-04-27T21:14:42+00:00,2026-04-29T22:13:43+00:00,Independent of other risk factors.,,,,,,,
HYP-0042,Ultra-processed food / Western diet pattern,behavioral,"Maternal and childhood diets high in ultra-processed foods associated with autism-like behaviors; mechanisms include additive exposure, fiber depletion, metabolic disruption.",Population-wide via Western diet,active,,0.4249,2,0.2309,1.0000,2026-04-27T21:14:42+00:00,2026-04-29T22:13:43+00:00,Mostly correlational.,,,,,,,
HYP-0043,"Endocrine-disruptor exposure (personal care, cleaning)",environmental,"Phthalates, parabens, BPA in personal care products and household cleaners disrupt thyroid and sex hormone signaling during critical neurodevelopmental windows.",Population-wide,active,,0.5046,2,0.4986,1.0000,2026-04-27T21:14:42+00:00,2026-04-29T22:13:43+00:00,Overlaps with HYP-0011 (phthalates) but broader exposure context.,,,,,,,
HYP-0044,Childhood vaccine exposure (contested),other,"Childhood vaccine schedule as a contested autism causal factor. Per CLAUDE.md §9 (mixed evidence is heterogeneity, not absence) — published primary evidence is NOT a single signal but at least SIX biologically-defined subpopulation signals, each with its own mechanism and biomarker. Mainstream studies averaging across these subpopulations find null because each is small and each has different drivers. The atlas preserves all six.

**SUBPOPULATION 1 — Poor mercury excreter** (Holmes 2003 SRC-001443): autism kids had LOWER hair mercury (0.47 ppm) vs controls (3.63 ppm) despite HIGHER exposure — consistent with retained internally. Biomarker: hair mercury elimination ratio.

**SUBPOPULATION 2 — Metallothionein-deficient** (Walker 2006 SRC-001430): lymphocytes from autism kids fail to up-regulate metallothionein when challenged with thimerosal, instead trigger heat shock response. Biomarker: MT gene expression panel + heat shock response gene panel.

**SUBPOPULATION 3 — MBP-autoimmune** (Singh 2002 SRC-001429, Singh 2003 SRC-001432): 60% of autism cases had unique anti-MMR antibody (specifically to measles HA 73-75kDa); 90% of those positive for myelin basic protein autoantibodies. Biomarker: MBP autoantibody panel + measles HA antibody.

**SUBPOPULATION 4 — Rh-negative mother + prenatal Rho(D) exposure** (Geier 2007 SRC-001441): 28% of ASD cases had Rh-neg mothers vs 14% controls (OR 2.35); all received thimerosal-Rho(D)-immune globulin during pregnancy (pre-2001 formulation). Biomarker: maternal Rh status + gestational Rho(D) history. NOTE: thimerosal removed from Rho(D) post-2001, so this is a historical-cohort signal.

**SUBPOPULATION 5 — Aluminum-burden cumulative** (Tomljenovic 2011 SRC-001431): ecological correlation across 7 Western countries between Al adjuvant exposure schedule and ASD prevalence (Pearson r=0.89-0.94). Biomarker: schedule Al-burden calculation; possibly serum/CSF aluminum.

**SUBPOPULATION 6 — Conjugate vaccine immune deviation during myelination** (Richmand 2011 SRC-001435): hypothesis that Hib/Pneumococcal conjugate vaccines deviate immune system from carbohydrate hypo-responsiveness during myelination window (peak ~6mo-2y). Mechanism plausible; ecological evidence only. Biomarker: timing-of-conjugate-exposure vs myelination window.

**Mechanistic synthesis** (Blaylock 2008 SRC-001444 — the immunoexcitotoxicity framework): chronic microglial priming + glutamate excitotoxicity + cytokine TNF-α modulation. Note that the microglial-priming part of this framework is now mainstream-validated (Bilbo 2018, Tetreault 2012, Vargas 2005). Connects to MEC-0002 neuroinflammation, MEC-0005 microglial activation, MEC-0007 GABA/glutamate.

**Regulatory-document evidence**: Tripedia (DTaP) FDA-approved package insert (SRC-001447) lists autism as adverse event reported during post-approval use. Insert flags passive-surveillance limitations; not causal inference. But manufacturer-listed primary regulatory document.

**Federal court evidence**: Hannah Poling 2008 (SRC-001418) — federally-adjudicated case where mitochondrial-vulnerable child decompensated into regressive ASD-features encephalopathy after vaccine challenge. Establishes additional susceptibility-tier subpopulation: **mitochondrial-vulnerable subset**.

Per CLAUDE.md §1, §5, §9, status=contested permanent. Per atlas mission, individual-level resolution: a child whose biomarkers indicate one or more of these subpopulations carries a different conditional risk than the population average. The personalized risk calculator (Session 4) will use these subpopulation profiles to stratify.",Population-wide exposure (>95% in developed nations),contested,"WHO, CDC, AAP, NIH, and major medical societies recommend universal childhood vaccination per the standard schedule for prevention of vaccine-preventable infectious disease. Multiple large-scale cohort studies — Madsen 2002 NEJM (PMID 12421889), Hviid 2019 Ann Intern Med (PMID 30831578), DeStefano 2019 Annu Rev Virol (PMID 30986133) — find no association between MMR or other routine pediatric vaccines and autism at population level. Mainstream public-health position: benefit substantially exceeds risk at population level.",0.7116,37,0.9449,0.3232,2026-04-27T21:14:42+00:00,2026-04-29T22:13:43+00:00,"Status=contested permanent. Six subpopulation signals identified per CLAUDE.md §9: poor-mercury-excreter, MT-deficient, MBP-autoimmune, Rh-neg-mother + prenatal Rho(D), Al-burden cumulative, conjugate-vaccine immune-deviation. Plus mito-vulnerable (Hannah Poling). Mainstream null studies don't refute subpopulation-specific signals — different study designs answer different questions.",,,,,,,
HYP-0045,Vitamin D deficiency (maternal + child),metabolic,Low maternal 25-OH-D associated with autism risk; supplementation in deficient children improves behavior. Modifies immune and calcium signaling.,Latitude-dependent; ~30-50% deficient,active,,0.5402,2,0.4814,1.0000,2026-04-27T21:14:42+00:00,2026-04-29T22:13:43+00:00,Saad 2018 RCT positive.,,,,,,,
HYP-0046,Zinc deficiency / copper:zinc imbalance,metabolic,Elevated copper:zinc ratio reported in autism; zinc cofactor for metallothioneins and 300+ enzymes. Supplementation normalizes ratio in subset.,Subset with elevated Cu:Zn,active,,0.6595,4,0.6736,1.0000,2026-04-27T21:14:42+00:00,2026-04-29T22:13:43+00:00,Russo 2011.,,,,,,,
HYP-0047,Magnesium deficiency,metabolic,"Low RBC magnesium reported in autism; cofactor for NMDA regulation, ATP synthesis, GABA function. Common in Western diet patterns.",Population-wide via diet,active,,0.4785,2,0.4039,1.0000,2026-04-27T21:14:42+00:00,2026-04-29T22:13:43+00:00,Often co-deficient with zinc.,,,,,,,
HYP-0048,Iodine deficiency / thyroid hypofunction,metabolic,"Maternal iodine insufficiency during pregnancy disrupts fetal thyroid hormone, critical for neurodevelopment.",Iodine-deficient regions,active,,0.3838,1,0.2263,1.0000,2026-04-27T21:14:42+00:00,2026-04-29T22:13:43+00:00,WHO classifies iodine deficiency as preventable cause of mental impairment.,,,,,,,
HYP-0049,Selenium deficiency,metabolic,"Cofactor for glutathione peroxidase (antioxidant), thyroid hormone deiodination. Low selenium status linked to oxidative stress phenotype.",Region-dependent (Brazil nut belt vs. selenium-poor soils),active,,0.0967,0,0.0000,0.0000,2026-04-27T21:14:42+00:00,2026-04-29T22:13:43+00:00,Modest evidence.,,,,,,,
HYP-0050,Choline insufficiency (postnatal),metabolic,Methyl-donor and acetylcholine precursor; postnatal choline supplementation explored for cognitive benefit beyond prenatal.,Subset with documented low intake,active,,0.3884,1,0.2059,1.0000,2026-04-27T21:14:42+00:00,2026-04-29T22:13:43+00:00,Distinct from HYP-0003 prenatal folate.,,,,,,,
HYP-0051,Maternal autoimmune comorbidity,immune,"Maternal Hashimoto's, lupus, type 1 diabetes, and other autoimmune conditions associated with offspring autism risk; mechanism via maternal autoantibodies and chronic inflammation.",~5-15% of autism cases linked to maternal autoimmunity,active,,0.6199,5,0.5505,1.0000,2026-04-27T21:14:42+00:00,2026-04-29T22:13:43+00:00,Atladottir 2009.,,,,,,,
HYP-0052,Iron metabolism dysregulation,metabolic,"Iron deficiency anemia and ferritin abnormalities in autism subsets; iron critical for myelin, dopamine synthesis. Repletion shows behavioral benefit.","Subset (Pica, restricted eating)",active,,0.4847,2,0.3941,1.0000,2026-04-27T21:14:42+00:00,2026-04-29T22:13:43+00:00,Reynolds 2020.,,,,,,,
HYP-0053,AGE / acrylamide cooking exposures,environmental,"High-heat cooking (frying, charring) generates advanced glycation end products and acrylamide; chronic exposure linked to neuroinflammation. Modifiable via cooking methods.",Population-wide via Western cooking patterns,active,,0.1133,0,0.0000,0.0000,2026-04-27T21:14:42+00:00,2026-04-29T22:13:43+00:00,Speculative; mechanistically plausible.,,,,,,,
HYP-0054,Acetaminophen postnatal use (contested),other,Postnatal acetaminophen exposure during fever/illness explored as potential risk factor; mechanism via glutathione depletion. Distinct from HYP-0002 prenatal acetaminophen.,High pediatric usage,contested,"WHO and AAP consider acetaminophen the preferred analgesic and antipyretic for infants and young children when clinically indicated, due to the contraindication of NSAIDs and aspirin in this age group. The 2021 Bauer et al multi-author consensus statement (PMID 34507921) calling for precautionary minimization of pregnancy + early-life acetaminophen is an emerging signal, not a guideline change.",0.3201,1,0.0533,1.0000,2026-04-27T21:14:42+00:00,2026-04-29T22:13:43+00:00,Schultz 2008; debated.,,,,,,,
HYP-0055,Endocannabinoid system dysregulation,metabolic,Reduced anandamide and altered CB1/CB2 signaling reported in autism cohorts; may underlie social cognition deficits and GABA-glutamate imbalance.,Subset; biomarker-defined,active,,0.3165,1,0.1883,1.0000,2026-04-27T21:24:31+00:00,2026-04-29T22:13:43+00:00,Karhson 2018; Aran 2019.,,,,,,,
HYP-0056,Bifidobacterium depletion (autism-specific),microbial,"Multi-meta-analyses show consistent reduction in Bifidobacterium abundance (esp. B. longum, B. breve, B. infantis) in autism vs. neurotypical children. Bifidobacteria produce GABA, modulate immune tone, protect epithelial integrity. Hazan 2024 case documents Bifidobacterium 0% → 1.56% post-FMT with verbal emergence.",Population-wide signal in autism cohorts,active,,0.6444,4,0.6299,1.0000,2026-04-27T21:33:28+00:00,2026-04-29T22:13:43+00:00,Iglesias-Vázquez 2020 meta-analysis n=1972.,,,,,,,
HYP-0057,Clostridia overgrowth / dysbiotic fermentation,microbial,"Elevated Clostridium species (esp. C. histolyticum group, C. perfringens) reported in autism cohorts. Clostridia produce p-cresol, 4-ethylphenyl sulfate, propionate at high levels — all linked to autism-like behavior in animal models.","Subset, especially with GI symptoms",active,,0.5688,4,0.5181,1.0000,2026-04-27T21:33:28+00:00,2026-04-29T22:13:43+00:00,"Finegold 2002, 2010; consume-GABA hypothesis.",,,,,,,
HYP-0058,Akkermansia / Faecalibacterium depletion,microbial,Reduced Akkermansia muciniphila and Faecalibacterium prausnitzii (major butyrate producers) reported in autism cohorts. Both protect mucin layer and produce SCFAs.,Subset; mucin barrier compromise,active,,0.5281,2,0.4584,1.0000,2026-04-27T21:33:28+00:00,2026-04-29T22:13:43+00:00,Pulikkan 2018; Liu 2022.,,,,,,,
HYP-0059,Intestinal barrier permeability ('leaky gut'),immune,"Elevated zonulin, lactulose-mannitol ratio, and serum LPS reported in autism. Permits microbial metabolite translocation and chronic immune activation. Distinct from microbiome composition itself.",~25-50% of autism cases,active,,0.4707,2,0.3274,1.0000,2026-04-27T21:33:28+00:00,2026-04-29T22:13:43+00:00,de Magistris 2010.,,,,,,,
HYP-0060,Microbial p-cresol / 4-EPS metabolite excess,microbial,Elevated urinary and plasma p-cresol and 4-EPS in autism; mechanism via tyrosine metabolism by Clostridia. Inhibits catecholamine synthesis (Bermudez-Martin 2021); induces autism-like behavior in mice (Hsiao 2013).,Subset with elevated metabolites,active,,0.5189,3,0.4119,1.0000,2026-04-27T21:33:28+00:00,2026-04-29T22:13:43+00:00,Strong mouse mechanistic; correlational human.,,,,,,,
HYP-0061,Fungal dysbiosis / candida overgrowth,microbial,"Elevated Candida (especially C. albicans) reported in autism GI subset; produces propionic acid, ammonia, biofilms. Anecdotal antifungal response common in functional/integrative protocols.",Subset; biomarker-defined,active,,0.1133,0,0.0000,0.0000,2026-04-27T21:33:28+00:00,2026-04-29T22:13:43+00:00,Less well peer-reviewed; functional med tradition strong.,,,,,,,
HYP-0062,Brain serotonin synthesis dysregulation (TPH2/vitamin D),metabolic,Low brain serotonin paired with elevated peripheral serotonin (hyperserotonemia) is a long-documented autism finding. Patrick & Ames 2014 propose this is mediated by vitamin D regulation of TPH2 (brain) vs TPH1 (gut) — vitamin D deficiency could preferentially impair brain serotonin synthesis while leaving peripheral synthesis intact.,Population-wide signal; vitamin-D-deficient subset,active,,0.3335,1,0.0698,1.0000,2026-04-27T21:44:33+00:00,2026-04-29T22:13:43+00:00,Patrick & Ames 2014 FASEB J hypothesis paper.,,,,,,,
HYP-0063,Brain glutathione depletion,metabolic,"Reduced GSH/GSSG ratio reported in autism brain and plasma; compromises antioxidant capacity, methylation, mercury detoxification. Sulforaphane raises plasma + brain glutathione (Liu 2020). Distinct from general 'oxidative stress' — the specific antioxidant pool that's depleted.",Subset; biomarker-defined,active,,0.6317,3,0.6742,1.0000,2026-04-27T21:44:33+00:00,2026-04-29T22:13:43+00:00,James 2004; Liu 2020 brain GSH.,,,,,,,
HYP-0064,DHA membrane phospholipid insufficiency,metabolic,"Inadequate phospholipid DHA in neuronal membranes during developmental windows compromises receptor function, synaptic plasticity, microglial regulation. Distinct from omega-3 deficiency in general — phospholipid form (krill, salmon roe) vs triglyceride form (most fish oil) determines brain uptake.",Western diet populations; preconception/prenatal critical,active,,0.3618,1,0.1563,1.0000,2026-04-27T21:44:33+00:00,2026-04-29T22:13:43+00:00,Werner 2011; Patrick FoundMyFitness 2017.,,,,,,,
HYP-0065,Heat shock response insufficiency / 'fever effect' subtype,immune,"Curran 2007 documented that ~80% of autistic children showed behavioral improvement during fever. Subsequent animal work showed whole-body hyperthermia improves behavior in C58/J and Shank3B- mice. Hypothesis: a subset of autism reflects insufficient baseline heat shock response that is transiently rescued by HSF1 activation (fever, sauna, exercise, sulforaphane).",Subset; ~80% by parental report (Curran 2007),active,,0.4524,2,0.3040,1.0000,2026-04-27T21:44:33+00:00,2026-04-29T22:13:43+00:00,Curran 2007 Pediatrics; hyperthermia mouse models.,,,,,,,
HYP-0066,Hepatitis B vaccine (neonatal birth-dose),other,"Day-of-birth hepatitis B vaccination has been hypothesized as a specific autism risk factor distinct from the broader childhood vaccine schedule, on the basis of (a) the neonatal developmental window, (b) aluminum adjuvant content (~250 mcg per dose), and (c) the small marginal risk-benefit ratio in low-transmission-risk populations. Hepatitis B transmission in children outside vertical (mother→baby) and intimate exposure (sexual contact, IV drug use, blood exposure) is essentially zero; several developed countries (Norway, Netherlands, parts of Scandinavia) have never had universal infant Hep B and target only at-risk groups with similar outcomes. For families with negative maternal HBsAg and no household risk, delaying vaccination until adolescence (when sexual debut becomes the actual transmission mechanism) — or skipping entirely until adult risk emerges — is medically defensible. Per the Hannah Poling framework (SRC-001418), vaccine challenge in a child with underlying mitochondrial vulnerability can decompensate into regressive encephalopathy with autistic features; the universal infant timing maximizes exposure to children whose susceptibility has not yet been assessed. Positive primary evidence: Generation Zero 1999 CDC VSD preliminary (SRC-001415; 11.35x relative risk in highest-thimerosal-exposure cohort, FOIA-released, superseded by Verstraeten 2003 Phase 2 null); Simpsonwood transcript 2000 (SRC-001416; CDC closed meeting verbatim record); Verstraeten internal emails (SRC-001417); Gallagher 2010 NHIS (SRC-001386; 3x odds ratio in male neonates). Population-average null evidence: Verstraeten 2003 Pediatrics Phase 2 (SRC-001388); IOM 2011 systematic review (SRC-001387); Andersson 2025 Danish nationwide cohort n=1.2M (SRC-001389). **Methodological caveat per CLAUDE.md epistemic principles §6 and §7:** the population-average null studies (Andersson, IOM, Verstraeten 2003) answer the question 'does Hep B birth-dose increase autism risk averaged across the general population?' They do not answer 'does Hep B birth-dose increase autism risk in the susceptibility-vulnerable subset?' — that requires subgroup analysis stratified by mitochondrial / methylation / autoimmune markers, which has not been published at scale. The Hannah Poling case (n=1, federally adjudicated) is the only formal example of subgroup-specific causation in this domain and is not refuted by the population-average null. Public framing: 11.35x figure commonly quoted as +1,135% or rounded to '10,000%' in advocacy/press. ACIP September 2025 (SRC-001420) is reviewing the universal-birth-dose policy. Per spec §1.1 and §9.1 status=contested permanent. The atlas preserves both sides; for individual-level decisions in families with potential mitochondrial or methylation susceptibility, the conditional risk profile is not addressed by population-average studies.",All US-born children since 1991 (universal recommendation),contested,"WHO, AAP, ACIP recommend universal hepatitis B birth-dose vaccination. Vertical-transmission mortality reduction is well-established and outside dispute. ACIP September 2025 review retained the universal birth-dose recommendation. Mainstream epidemiology shows no population-average autism association.",0.6226,11,0.7903,0.1914,2026-04-27T22:06:26+00:00,2026-04-29T22:13:43+00:00,"Status=contested permanent. Atlas position: for low-transmission-risk families (negative maternal HBsAg, no household contacts with active Hep B), delaying birth-dose to adolescence or later is medically defensible. Population-average null studies (Andersson 2025 etc.) do not refute subgroup-specific signals per Hannah Poling framework — different study designs answer different questions. ACIP Sep 2025 (SRC-001420) currently reviewing this policy.",,,,,,,
HYP-0067,Aluminum adjuvant cumulative exposure (vaccines),environmental,"Cumulative aluminum from adjuvanted vaccines through the routine childhood schedule (typically 4-5 mg by age 2 in the US schedule) has been hypothesized as a neurodevelopmental risk factor distinct from any specific vaccine. Andersson 2025 nationwide Danish cohort (n=1,224,176) found no association between cumulative aluminum exposure in the first 2 years and 50 chronic conditions including autism (adjusted HR 0.93 per 1-mg increase). Distinct from heavy metal hypothesis (HYP-0015) — aluminum specifically and timing around vaccinations.",Population-wide via routine schedule,contested,"FDA, WHO, EMA, and major immunology bodies conclude that aluminum adjuvants in pediatric vaccines remain below toxicokinetic harm thresholds, supported by Mitkus 2011 Vaccine (PMID 22001122). Andersson 2025 Ann Intern Med Danish nationwide cohort (PMID 40658954) found no association between cumulative aluminum-adsorbed-vaccine exposure and chronic-disease outcomes including autism, asthma, and autoimmune disease at population level.",0.5878,8,0.7766,0.0456,2026-04-27T22:06:26+00:00,2026-04-29T22:13:43+00:00,"Andersson 2025 JAMA Ann Intern Med null at population scale; minority claims (Tomljenovic + Shaw, Exley) maintain concerns. Status=contested.",,,,,,,
HYP-0068,MMR vaccine specifically (contested),other,"Measles-mumps-rubella combination vaccine has been the most intensively studied vaccine-autism question. Wakefield 1998 Lancet (later retracted) initiated the hypothesis. Subsequent large cohort studies — Madsen 2002 (NEJM, Denmark, n=537,303), Jain 2015 (JAMA, US sibling design, n=95,727), Hviid 2019 (Annals Intern Med, Denmark, n=657,461) — found no association. Hooker 2014/2018 (Translational Neurodegeneration → retracted; republished J Am Phys Surg 2018) re-analyzed CDC DeStefano 2004 data and claimed an association in African-American boys vaccinated before 36 months. Status=contested per spec §9.1.",Population-wide via routine schedule,contested,"WHO, CDC, AAP, EMA, NHS recommend MMR vaccine on the standard schedule. Multiple large cohort studies — Madsen 2002 NEJM 537,000+ children (PMID 12421889); Hviid 2019 Ann Intern Med 657,000+ children (PMID 30831578); DeStefano 2019 Annu Rev Virol review (PMID 30986133); Honda 2005 Yokohama natural experiment (PMID 15877763) — find no association between MMR and autism. Wakefield 1998 paper was retracted by The Lancet in 2010 (PMID 20137807 retraction notice).",0.6265,14,0.9003,0.0148,2026-04-27T22:12:16+00:00,2026-04-29T22:13:43+00:00,Wakefield 1998 retracted (Lancet); 4 large cohort studies negative; Hooker 2014/2018 reanalysis claims subgroup effect.,,,,,,,
HYP-0069,"Thimerosal exposure (contested, largely removed)",other,"Thimerosal (ethylmercury preservative) was removed from essentially all US childhood vaccines by 2001 except some influenza formulations. Pre-2001 hypothesis: cumulative ethylmercury exposure → neurodevelopmental disorders. Post-2001: autism prevalence continued to rise despite removal, which the IOM 2004 review and subsequent studies cite as evidence against causation. Geier and Geier studies claimed association. Status=contested. Mainly historical given exposure removal.",Pre-2001 US-born children; some flu vaccines still,contested,"WHO continues to endorse thimerosal-containing multi-dose vaccines globally as safe and necessary for cold-chain logistics. Thimerosal was removed from US childhood vaccines (excluding some influenza formulations) by 2001 per a precautionary FDA / AAP joint statement. Subsequent large cohort studies — Verstraeten 2003 Pediatrics (PMID 14595043), Madsen 2003, Heron 2004 — found no association between thimerosal exposure and autism at population level.",0.6542,17,0.8700,0.3277,2026-04-27T22:12:16+00:00,2026-04-29T22:13:43+00:00,IOM 2004 review specifically rejected; mostly historical.,,,,,,,
HYP-0070,Lactate / pyruvate ratio elevation (bioenergetic biomarker),metabolic,"Elevated blood/CSF lactate (≥22 mg/dL) and lactate:pyruvate ratio (>25) indicate anaerobic shift in cellular metabolism, reported across autism, schizophrenia, bipolar. Distinct from general 'mitochondrial dysfunction' hypothesis (HYP-0006) — this is the specific quantifiable bioenergetic biomarker. Magnesium (lactate clearance), B-complex (PDH/ETC cofactors), and CO2 (Bohr effect) are mechanistically targetable. anomalie_blue's Ray-Peat-influenced framing on X.",Subset with elevated biomarkers; ~30-50% of mitochondrial subset,active,,0.3712,1,0.1883,1.0000,2026-04-27T22:16:07+00:00,2026-04-29T22:13:43+00:00,Oh 2020 Korean cohort; bioenergetic framing emphasizes metabolism-first interpretation.,,,,,,,
HYP-0071,Brainstem/pons hypoplasia + GABA developmental switch failure,neurodevelopmental,"Joint developmental hypothesis (Inui 2017, building on Ben-Ari GABA-switch literature): a large fraction of autism is driven by two convergent early events. (a) Mild hypoplasia of the pons around neural tube closure, distorting brainstem-mediated sensory/motor gating and arousal from earliest development. (b) Failure of the developmental GABA polarity switch — GABA fails to transition from excitatory (depolarizing) to inhibitory (hyperpolarizing) around birth, due to dysregulated NKCC1 (chloride importer) down-regulation and KCC2 (chloride exporter) up-regulation. Combined effect: cortical circuits with elevated excitation/inhibition ratio, local hyperconnectivity, reduced long-range integration. This framework reframes autism as convergence of many gene/environment factors onto these two specific early brain events, rather than thousands of distinct primary causes. Mechanistic basis for bumetanide (INT-0005, NKCC1 inhibitor) clinical trials. Per CLAUDE.md epistemic principles, listed as developmental-convergence hypothesis with strong mechanistic support and ongoing clinical evidence.",Subset (proportion uncertain; framework hypothesis),active,,0.5954,4,0.6064,1.0000,2026-04-28T16:14:42+00:00,2026-04-29T22:13:43+00:00,Convergence-framework hypothesis. Mechanism specifically supported by Ben-Ari group + Inui review; clinical validation via bumetanide trials (mixed Phase 3 results consistent with subgroup-specific effect per CLAUDE.md §6/§7).,,,,INT-0005,28744208;25168736;22547529;41580462,,
HYP-0072,Epigenetic canalization failure,epigenetic,"Autism arises when epigenetic programming systems (DNA methylation, histone modifications, chromatin structure) fail to canalize development into a typical trajectory at key neurodevelopmental loci. Methylation changes at promoters of RELN, GAD1, MECP2/EGR2, GABRB3, and other genes can shift inhibitory signaling and cortical maturation without any change to the underlying DNA sequence. Twin discordance studies (Wong 2014 monozygotic twins discordant for ASD) document dozens of differentially-methylated regions including at GABA receptor loci. Distinct from HYP-0003 (maternal folate deficiency, upstream nutritional input) in that the failure is in the epigenetic *programming* itself rather than in upstream methyl-donor supply. Implicates the methylation cycle (MEC-0003) but as an output mechanism, with the canalization failure being a higher-level systems property.",Substantial subset (twin discordance studies suggest variable penetrance),active,,0.3663,1,0.1276,1.0000,2026-04-28T16:14:42+00:00,2026-04-29T22:13:43+00:00,"Epigenetic-systems hypothesis. Connects to MEC-0003 (impaired methylation) as one output mechanism; broader than that mechanism alone. Implicates GABRB3 promoter methylation specifically, linking to HYP-0071.",,,,,23608919,,
HYP-0073,Developmental timing / state-transition disorder,neurodevelopmental,"Brain development requires precisely-timed sequential transitions: proliferation → migration → synaptogenesis → pruning → GABA polarity switch. If these transitions are delayed, accelerated, or fail to complete, the system can settle into alternative stable states with autistic features. Stoner et al. 2014 documented patches of disorganized cortical lamination in postmortem autism brains, suggesting prenatal migration-timing errors. Different ASD genes have highly restricted spatiotemporal expression windows; the same genetic variant produces phenotypically different autisms depending on when in development the disruption manifests (consistent with the multiple-distinct-autisms framework — Pagani 2025 fMRI subtyping). This is a meta-hypothesis: a cause perturbs a specific developmental window, and the phenotype depends on what process was unfolding in that window. Closely related to (but distinct from) HYP-0071 (specific brainstem+GABA early event) — HYP-0073 is the broader timing-frame, HYP-0071 is one specific early instance.",Variable; framework applies across subtypes,active,,0.5223,3,0.4066,1.0000,2026-04-28T16:14:42+00:00,2026-04-29T22:13:43+00:00,Meta-hypothesis on developmental timing. Supports the atlas's phenotype-multiplicity stance: different timing of disruption → different phenotype subset. Implicates MEC-0006 (synaptic pruning) and any mechanism with narrow developmental window.,,,,,24670167;40093106,,
HYP-0074,PANS/PANDAS — post-infectious autoimmune neuropsychiatric syndrome,immune_autoimmune,"Pediatric Acute-onset Neuropsychiatric Syndrome (PANS) / Pediatric Autoimmune Neuropsychiatric Disorders Associated with Streptococcus (PANDAS) — a real, identifiable autoimmune subgroup of children whose neuropsychiatric symptoms (often labeled regressive autism) are post-infectious and immunologically driven. Anti-neuronal antibodies cross-reacting with basal ganglia (anti-tubulin, anti-lysoganglioside, anti-D1/D2, CaMKII activation). Per Swedo / Cunningham framework. Treatable via NSAIDs, antibiotics, IVIG, plasmapheresis, LDN.","Pediatric, sudden-onset OCD/tics/anxiety/sensory regression; typically post-strep, mycoplasma, Lyme, viral infection",active,,0.65,0,0,0,2026-04-30T02:26:58+00:00,2026-04-30T02:26:58+00:00,"Diagnostic via Cunningham Panel + clinical course + infection history. Per Swedo (NIMH) + Cunningham (OUHSC) frameworks. Researchers: Swedo_Sue, Cunningham_Madeleine.",,,,,,,
HYP-0075,Mast Cell Activation Syndrome (MCAS) in autism,immune_autoimmune,"Mast cell hyperactivity affecting GI, autonomic, dermatologic, and neuroinflammatory systems in a substantial autism subgroup. Per Theoharides framework: mast cells + microglia coupling drives autism-relevant neuroinflammation. Diagnostic via tryptase + N-methylhistamine + PGD2 metabolite + chromogranin A. Treatable via H1+H2 antihistamines, cromolyn, ketotifen, luteolin, quercetin.","Children with chronic atopic disease, GI dysmotility, dysautonomia, flushing, behavioral worsening with mast-cell triggers",active,,0.60,0,0,0,2026-04-30T02:26:58+00:00,2026-04-30T02:26:58+00:00,"Per Theoharides framework; mast cells release >200 mediators including histamine, tryptase, IL-6, TNF-α. Researcher: Theoharides_Theoharis.",,,,,,,
