id,target_type,target_id,score_type,old_score,new_score,component_breakdown,evidence_delta_ids,computed_at
SCH-000001,hypothesis,HYP-0001,confidence,4,0.8028,"{""consistency_index"": 0.7025277510807103, ""cross_phenotype_convergence"": 0.0, ""evidence_quality_index"": 0.8911268372346217, ""genetic_support"": 1.0, ""mechanism_coherence"": 0.7342077422691828, ""replication_independence"": 1.0, ""source_type_diversity"": 0.4}","[""EVD-000001"", ""EVD-000002"", ""EVD-000011"", ""EVD-000012"", ""EVD-000013"", ""EVD-000014"", ""EVD-000015"", ""EVD-000016"", ""EVD-000017"", ""EVD-000018"", ""EVD-000019"", ""EVD-000020"", ""EVD-000021"", ""EVD-000022"", ""EVD-000023"", ""EVD-000024"", ""EVD-000025"", ""EVD-000026"", ""EVD-000027"", ""EVD-000028"", ""EVD-000029"", ""EVD-000030"", ""EVD-000031"", ""EVD-000032"", ""EVD-000033"", ""EVD-000034"", ""EVD-000035"", ""EVD-000036"", ""EVD-000037"", ""EVD-000038"", ""EVD-000039"", ""EVD-000040"", ""EVD-000041"", ""EVD-000042"", ""EVD-000043"", ""EVD-000044"", ""EVD-000045"", ""EVD-000046""]",2026-04-27T20:58:07+00:00
SCH-000002,hypothesis,HYP-0002,confidence,3,0.6652,"{""consistency_index"": 0.771461856046472, ""cross_phenotype_convergence"": 0.0, ""evidence_quality_index"": 0.8137316991394404, ""genetic_support"": 0.4, ""mechanism_coherence"": 0.7026117566154776, ""replication_independence"": 1.0, ""source_type_diversity"": 0.4}","[""EVD-000009"", ""EVD-000681"", ""EVD-000682"", ""EVD-000683"", ""EVD-000684"", ""EVD-000685"", ""EVD-000686"", ""EVD-000687"", ""EVD-000688"", ""EVD-000689"", ""EVD-000690"", ""EVD-000691"", ""EVD-000692"", ""EVD-000693"", ""EVD-000694"", ""EVD-000695"", ""EVD-000696"", ""EVD-000697"", ""EVD-000698"", ""EVD-000699"", ""EVD-000700"", ""EVD-000701"", ""EVD-000702"", ""EVD-000703"", ""EVD-000704"", ""EVD-000705"", ""EVD-000706""]",2026-04-27T20:58:07+00:00
SCH-000003,hypothesis,HYP-0003,confidence,4,0.7038,"{""consistency_index"": 1.0, ""cross_phenotype_convergence"": 0.0, ""evidence_quality_index"": 0.7217430018364962, ""genetic_support"": 0.6, ""mechanism_coherence"": 0.6484774505094322, ""replication_independence"": 1.0, ""source_type_diversity"": 0.4}","[""EVD-000007"", ""EVD-000612"", ""EVD-000613"", ""EVD-000614"", ""EVD-000615"", ""EVD-000616"", ""EVD-000617"", ""EVD-000618"", ""EVD-000619"", ""EVD-000620"", ""EVD-000621"", ""EVD-000622"", ""EVD-000623"", ""EVD-000624""]",2026-04-27T20:58:07+00:00
SCH-000004,hypothesis,HYP-0004,confidence,3,0.5660,"{""consistency_index"": 0.7836030675487353, ""cross_phenotype_convergence"": 0.0, ""evidence_quality_index"": 0.8281314450708098, ""genetic_support"": 0.4, ""mechanism_coherence"": 0.0, ""replication_independence"": 1.0, ""source_type_diversity"": 0.4}","[""EVD-000010"", ""EVD-000625"", ""EVD-000626"", ""EVD-000627"", ""EVD-000628"", ""EVD-000629"", ""EVD-000630"", ""EVD-000631"", ""EVD-000632"", ""EVD-000633"", ""EVD-000634"", ""EVD-000635"", ""EVD-000636"", ""EVD-000637"", ""EVD-000638"", ""EVD-000639"", ""EVD-000640"", ""EVD-000641"", ""EVD-000642"", ""EVD-000643"", ""EVD-000644"", ""EVD-000645"", ""EVD-000646"", ""EVD-000647"", ""EVD-000648"", ""EVD-000649"", ""EVD-000650"", ""EVD-000651"", ""EVD-000652""]",2026-04-27T20:58:07+00:00
SCH-000005,hypothesis,HYP-0005,confidence,2,0.6960,"{""consistency_index"": 1.0, ""cross_phenotype_convergence"": 0.0, ""evidence_quality_index"": 0.8062916472958314, ""genetic_support"": 0.4, ""mechanism_coherence"": 0.6937768407093551, ""replication_independence"": 1.0, ""source_type_diversity"": 0.4}","[""EVD-000653"", ""EVD-000654"", ""EVD-000655"", ""EVD-000656"", ""EVD-000657"", ""EVD-000658"", ""EVD-000659"", ""EVD-000660"", ""EVD-000661"", ""EVD-000662"", ""EVD-000663"", ""EVD-000664"", ""EVD-000665"", ""EVD-000666"", ""EVD-000667"", ""EVD-000668"", ""EVD-000669"", ""EVD-000670"", ""EVD-000671"", ""EVD-000672"", ""EVD-000673"", ""EVD-000674"", ""EVD-000675"", ""EVD-000676"", ""EVD-000677"", ""EVD-000678"", ""EVD-000679"", ""EVD-000680""]",2026-04-27T20:58:07+00:00
SCH-000006,hypothesis,HYP-0006,confidence,4,0.5886,"{""consistency_index"": 0.662481148341217, ""cross_phenotype_convergence"": 0.0, ""evidence_quality_index"": 0.865620296710385, ""genetic_support"": 0.0, ""mechanism_coherence"": 0.7302221477779014, ""replication_independence"": 1.0, ""source_type_diversity"": 0.4}","[""EVD-000003"", ""EVD-000004"", ""EVD-000005"", ""EVD-000446"", ""EVD-000463"", ""EVD-000481"", ""EVD-000586"", ""EVD-000587"", ""EVD-000588"", ""EVD-000589"", ""EVD-000590"", ""EVD-000591"", ""EVD-000592"", ""EVD-000593"", ""EVD-000594"", ""EVD-000595"", ""EVD-000596"", ""EVD-000597"", ""EVD-000598"", ""EVD-000599"", ""EVD-000600"", ""EVD-000601"", ""EVD-000602"", ""EVD-000603"", ""EVD-000604"", ""EVD-000605"", ""EVD-000606"", ""EVD-000607"", ""EVD-000608"", ""EVD-000609"", ""EVD-000610"", ""EVD-000611""]",2026-04-27T20:58:07+00:00
SCH-000007,hypothesis,HYP-0007,confidence,3,0.6844,"{""consistency_index"": 0.8168779316986272, ""cross_phenotype_convergence"": 0.0, ""evidence_quality_index"": 0.8462011688711166, ""genetic_support"": 0.4, ""mechanism_coherence"": 0.7197473970550117, ""replication_independence"": 1.0, ""source_type_diversity"": 0.4}","[""EVD-000008"", ""EVD-000441"", ""EVD-000452"", ""EVD-000466"", ""EVD-000467"", ""EVD-000468"", ""EVD-000469"", ""EVD-000470"", ""EVD-000471"", ""EVD-000473"", ""EVD-000474"", ""EVD-000475"", ""EVD-000476"", ""EVD-000480"", ""EVD-000707"", ""EVD-000708"", ""EVD-000709"", ""EVD-000710"", ""EVD-000711"", ""EVD-000712"", ""EVD-000713"", ""EVD-000714"", ""EVD-000715"", ""EVD-000716"", ""EVD-000717"", ""EVD-000718"", ""EVD-000719"", ""EVD-000720"", ""EVD-000721"", ""EVD-000722"", ""EVD-000723"", ""EVD-000724"", ""EVD-000725"", ""EVD-000726"", ""EVD-000727"", ""EVD-000728""]",2026-04-27T20:58:07+00:00
SCH-000008,hypothesis,HYP-0008,confidence,4,0.6993,"{""consistency_index"": 1.0, ""cross_phenotype_convergence"": 0.0, ""evidence_quality_index"": 0.8171244650890604, ""genetic_support"": 0.4, ""mechanism_coherence"": 0.6945557953257013, ""replication_independence"": 1.0, ""source_type_diversity"": 0.4}","[""EVD-000447"", ""EVD-000462"", ""EVD-000465"", ""EVD-000484"", ""EVD-000487"", ""EVD-000729"", ""EVD-000730"", ""EVD-000731"", ""EVD-000732"", ""EVD-000733"", ""EVD-000734"", ""EVD-000735"", ""EVD-000736"", ""EVD-000737"", ""EVD-000738"", ""EVD-000739"", ""EVD-000740"", ""EVD-000741"", ""EVD-000742"", ""EVD-000743"", ""EVD-000744"", ""EVD-000745"", ""EVD-000746"", ""EVD-000747"", ""EVD-000748"", ""EVD-000749"", ""EVD-000750"", ""EVD-000751"", ""EVD-000752"", ""EVD-000753"", ""EVD-000754"", ""EVD-000755"", ""EVD-000756""]",2026-04-27T20:58:07+00:00
SCH-000009,hypothesis,HYP-0009,confidence,3,0.2524,"{""consistency_index"": 1.0, ""cross_phenotype_convergence"": 0.0, ""evidence_quality_index"": 0.17461784806365346, ""genetic_support"": 0.0, ""mechanism_coherence"": 0.0, ""replication_independence"": 0.4, ""source_type_diversity"": 0.2}","[""EVD-000439"", ""EVD-000459""]",2026-04-27T20:58:07+00:00
SCH-000010,hypothesis,HYP-0010,confidence,5,0.5767,"{""consistency_index"": 1.0, ""cross_phenotype_convergence"": 0.0, ""evidence_quality_index"": 0.7555609875336103, ""genetic_support"": 0.4, ""mechanism_coherence"": 0.0, ""replication_independence"": 1.0, ""source_type_diversity"": 0.4}","[""EVD-000757"", ""EVD-000758"", ""EVD-000759"", ""EVD-000760"", ""EVD-000761"", ""EVD-000762"", ""EVD-000763"", ""EVD-000764"", ""EVD-000765"", ""EVD-000766"", ""EVD-000767"", ""EVD-000768"", ""EVD-000769"", ""EVD-000770"", ""EVD-000771"", ""EVD-000772"", ""EVD-000773"", ""EVD-000774"", ""EVD-000775"", ""EVD-000776"", ""EVD-000777"", ""EVD-000778""]",2026-04-27T20:58:07+00:00
SCH-000011,hypothesis,HYP-0011,confidence,3,0.0800,"{""consistency_index"": 0.0, ""cross_phenotype_convergence"": 0.0, ""evidence_quality_index"": 0.0, ""genetic_support"": 0.4, ""mechanism_coherence"": 0.0, ""replication_independence"": 0.0, ""source_type_diversity"": 0.0}",[],2026-04-27T20:58:07+00:00
SCH-000012,hypothesis,HYP-0012,confidence,3,0.0800,"{""consistency_index"": 0.0, ""cross_phenotype_convergence"": 0.0, ""evidence_quality_index"": 0.0, ""genetic_support"": 0.4, ""mechanism_coherence"": 0.0, ""replication_independence"": 0.0, ""source_type_diversity"": 0.0}",[],2026-04-27T20:58:07+00:00
SCH-000013,hypothesis,HYP-0013,confidence,4,0.0800,"{""consistency_index"": 0.0, ""cross_phenotype_convergence"": 0.0, ""evidence_quality_index"": 0.0, ""genetic_support"": 0.4, ""mechanism_coherence"": 0.0, ""replication_independence"": 0.0, ""source_type_diversity"": 0.0}",[],2026-04-27T20:58:07+00:00
SCH-000014,hypothesis,HYP-0014,confidence,3,0.0800,"{""consistency_index"": 0.0, ""cross_phenotype_convergence"": 0.0, ""evidence_quality_index"": 0.0, ""genetic_support"": 0.4, ""mechanism_coherence"": 0.0, ""replication_independence"": 0.0, ""source_type_diversity"": 0.0}",[],2026-04-27T20:58:07+00:00
SCH-000015,hypothesis,HYP-0015,confidence,3,0.0800,"{""consistency_index"": 0.0, ""cross_phenotype_convergence"": 0.0, ""evidence_quality_index"": 0.0, ""genetic_support"": 0.4, ""mechanism_coherence"": 0.0, ""replication_independence"": 0.0, ""source_type_diversity"": 0.0}",[],2026-04-27T20:58:07+00:00
SCH-000016,hypothesis,HYP-0016,confidence,2,0.0800,"{""consistency_index"": 0.0, ""cross_phenotype_convergence"": 0.0, ""evidence_quality_index"": 0.0, ""genetic_support"": 0.4, ""mechanism_coherence"": 0.0, ""replication_independence"": 0.0, ""source_type_diversity"": 0.0}",[],2026-04-27T20:58:07+00:00
SCH-000017,hypothesis,HYP-0017,confidence,1,0.0800,"{""consistency_index"": 0.0, ""cross_phenotype_convergence"": 0.0, ""evidence_quality_index"": 0.0, ""genetic_support"": 0.4, ""mechanism_coherence"": 0.0, ""replication_independence"": 0.0, ""source_type_diversity"": 0.0}",[],2026-04-27T20:58:07+00:00
SCH-000018,hypothesis,HYP-0018,confidence,4,0.0800,"{""consistency_index"": 0.0, ""cross_phenotype_convergence"": 0.0, ""evidence_quality_index"": 0.0, ""genetic_support"": 0.4, ""mechanism_coherence"": 0.0, ""replication_independence"": 0.0, ""source_type_diversity"": 0.0}",[],2026-04-27T20:58:07+00:00
SCH-000019,hypothesis,HYP-0019,confidence,3,0.0800,"{""consistency_index"": 0.0, ""cross_phenotype_convergence"": 0.0, ""evidence_quality_index"": 0.0, ""genetic_support"": 0.4, ""mechanism_coherence"": 0.0, ""replication_independence"": 0.0, ""source_type_diversity"": 0.0}",[],2026-04-27T20:58:07+00:00
SCH-000020,hypothesis,HYP-0020,confidence,3,0.0800,"{""consistency_index"": 0.0, ""cross_phenotype_convergence"": 0.0, ""evidence_quality_index"": 0.0, ""genetic_support"": 0.4, ""mechanism_coherence"": 0.0, ""replication_independence"": 0.0, ""source_type_diversity"": 0.0}",[],2026-04-27T20:58:07+00:00
SCH-000021,hypothesis,HYP-0021,confidence,3,0.0800,"{""consistency_index"": 0.0, ""cross_phenotype_convergence"": 0.0, ""evidence_quality_index"": 0.0, ""genetic_support"": 0.4, ""mechanism_coherence"": 0.0, ""replication_independence"": 0.0, ""source_type_diversity"": 0.0}",[],2026-04-27T20:58:07+00:00
SCH-000022,hypothesis,HYP-0022,confidence,3,0.0800,"{""consistency_index"": 0.0, ""cross_phenotype_convergence"": 0.0, ""evidence_quality_index"": 0.0, ""genetic_support"": 0.4, ""mechanism_coherence"": 0.0, ""replication_independence"": 0.0, ""source_type_diversity"": 0.0}",[],2026-04-27T20:58:07+00:00
SCH-000023,hypothesis,HYP-0023,confidence,2,0.0800,"{""consistency_index"": 0.0, ""cross_phenotype_convergence"": 0.0, ""evidence_quality_index"": 0.0, ""genetic_support"": 0.4, ""mechanism_coherence"": 0.0, ""replication_independence"": 0.0, ""source_type_diversity"": 0.0}",[],2026-04-27T20:58:07+00:00
SCH-000024,hypothesis,HYP-0024,confidence,2,0.0800,"{""consistency_index"": 0.0, ""cross_phenotype_convergence"": 0.0, ""evidence_quality_index"": 0.0, ""genetic_support"": 0.4, ""mechanism_coherence"": 0.0, ""replication_independence"": 0.0, ""source_type_diversity"": 0.0}",[],2026-04-27T20:58:07+00:00
SCH-000025,hypothesis,HYP-0025,confidence,4,0.0800,"{""consistency_index"": 0.0, ""cross_phenotype_convergence"": 0.0, ""evidence_quality_index"": 0.0, ""genetic_support"": 0.4, ""mechanism_coherence"": 0.0, ""replication_independence"": 0.0, ""source_type_diversity"": 0.0}",[],2026-04-27T20:58:07+00:00
SCH-000026,hypothesis,HYP-0026,confidence,3,0.0800,"{""consistency_index"": 0.0, ""cross_phenotype_convergence"": 0.0, ""evidence_quality_index"": 0.0, ""genetic_support"": 0.4, ""mechanism_coherence"": 0.0, ""replication_independence"": 0.0, ""source_type_diversity"": 0.0}",[],2026-04-27T20:58:07+00:00
SCH-000027,hypothesis,HYP-0027,confidence,5,0.0000,"{""consistency_index"": 0.0, ""cross_phenotype_convergence"": 0.0, ""evidence_quality_index"": 0.0, ""genetic_support"": 0.0, ""mechanism_coherence"": 0.0, ""replication_independence"": 0.0, ""source_type_diversity"": 0.0}",[],2026-04-27T20:58:07+00:00
SCH-000028,hypothesis,HYP-0028,confidence,4,0.0000,"{""consistency_index"": 0.0, ""cross_phenotype_convergence"": 0.0, ""evidence_quality_index"": 0.0, ""genetic_support"": 0.0, ""mechanism_coherence"": 0.0, ""replication_independence"": 0.0, ""source_type_diversity"": 0.0}",[],2026-04-27T20:58:07+00:00
SCH-000029,hypothesis,HYP-0029,confidence,5,0.0000,"{""consistency_index"": 0.0, ""cross_phenotype_convergence"": 0.0, ""evidence_quality_index"": 0.0, ""genetic_support"": 0.0, ""mechanism_coherence"": 0.0, ""replication_independence"": 0.0, ""source_type_diversity"": 0.0}",[],2026-04-27T20:58:07+00:00
SCH-000030,hypothesis,HYP-0030,confidence,5,0.0000,"{""consistency_index"": 0.0, ""cross_phenotype_convergence"": 0.0, ""evidence_quality_index"": 0.0, ""genetic_support"": 0.0, ""mechanism_coherence"": 0.0, ""replication_independence"": 0.0, ""source_type_diversity"": 0.0}",[],2026-04-27T20:58:07+00:00
SCH-000031,mechanism,MEC-0001,other,,0.8895,"{""strength"": 0.8894720563544204}",[],2026-04-27T20:58:07+00:00
SCH-000032,mechanism,MEC-0002,other,,0.8545,"{""strength"": 0.8545390718082123}",[],2026-04-27T20:58:07+00:00
SCH-000033,mechanism,MEC-0003,other,,0.8854,"{""strength"": 0.8853624527893469}",[],2026-04-27T20:58:07+00:00
SCH-000034,mechanism,MEC-0004,other,,0.8232,"{""strength"": 0.82320762610927}",[],2026-04-27T20:58:07+00:00
SCH-000035,mechanism,MEC-0005,other,,0.4590,"{""strength"": 0.4589634917336706}",[],2026-04-27T20:58:07+00:00
SCH-000036,mechanism,MEC-0006,other,,0.4000,"{""strength"": 0.4}",[],2026-04-27T20:58:07+00:00
SCH-000037,mechanism,MEC-0007,other,,0.5918,"{""strength"": 0.5917786104787938}",[],2026-04-27T20:58:07+00:00
SCH-000038,mechanism,MEC-0008,other,,0.8607,"{""strength"": 0.860739624351783}",[],2026-04-27T20:58:07+00:00
SCH-000039,mechanism,MEC-0009,other,,0.4557,"{""strength"": 0.4557495006363084}",[],2026-04-27T20:58:07+00:00
SCH-000040,mechanism,MEC-0010,other,,0.9008,"{""strength"": 0.9008092477743639}",[],2026-04-27T20:58:07+00:00
SCH-000041,intervention,INT-0001,csrs,89.6,82.7214,"{""genetic_coherence"": 1.0, ""hypothesis_alignment"": 0.8028483751728704, ""mechanism_strength"": 0.7525580848709449, ""phenotype_effect"": 0.0, ""replication_score"": 1.0, ""safety_score"": 0.8755364806866952, ""synergy_bonus"": 0.0, ""trend_score"": 0.7611940298507462}",[],2026-04-27T20:58:07+00:00
SCH-000042,intervention,INT-0002,csrs,83.2,50.9927,"{""genetic_coherence"": 0.41, ""hypothesis_alignment"": 0.0, ""mechanism_strength"": 0.7656878606082093, ""phenotype_effect"": 0.0, ""replication_score"": 1.0, ""safety_score"": 0.9444444444444444, ""synergy_bonus"": 0.0, ""trend_score"": 0.6481481481481481}",[],2026-04-27T20:58:07+00:00
SCH-000043,intervention,INT-0003,csrs,87.4,48.0603,"{""genetic_coherence"": 0.3, ""hypothesis_alignment"": 0.0, ""mechanism_strength"": 0.7525580848709449, ""phenotype_effect"": 0.0, ""replication_score"": 1.0, ""safety_score"": 0.8755364806866952, ""synergy_bonus"": 0.0, ""trend_score"": 0.5277777777777778}",[],2026-04-27T20:58:07+00:00
SCH-000044,intervention,INT-0004,csrs,79.9,49.5180,"{""genetic_coherence"": 0.3, ""hypothesis_alignment"": 0.0, ""mechanism_strength"": 0.7560512479012573, ""phenotype_effect"": 0.0, ""replication_score"": 1.0, ""safety_score"": 0.9827586206896552, ""synergy_bonus"": 0.0, ""trend_score"": 0.48717948717948717}",[],2026-04-27T20:58:07+00:00
SCH-000045,intervention,INT-0005,csrs,75.8,42.7182,"{""genetic_coherence"": 0.3, ""hypothesis_alignment"": 0.0, ""mechanism_strength"": 0.5030118189069747, ""phenotype_effect"": 0.0, ""replication_score"": 1.0, ""safety_score"": 0.7067716535433071, ""synergy_bonus"": 0.0, ""trend_score"": 0.7142857142857143}",[],2026-04-27T20:58:07+00:00
SCH-000046,intervention,INT-0006,csrs,65.2,47.9494,"{""genetic_coherence"": 0.3, ""hypothesis_alignment"": 0.08000000000000002, ""mechanism_strength"": 0.7263582110369804, ""phenotype_effect"": 0.0, ""replication_score"": 1.0, ""safety_score"": 0.7067716535433071, ""synergy_bonus"": 0.0, ""trend_score"": 0.5625}",[],2026-04-27T20:58:07+00:00
SCH-000047,intervention,INT-0007,csrs,78.4,46.2992,"{""genetic_coherence"": 0.3, ""hypothesis_alignment"": 0.0, ""mechanism_strength"": 0.7656878606082093, ""phenotype_effect"": 0.0, ""replication_score"": 1.0, ""safety_score"": 0.6886035313001605, ""synergy_bonus"": 0.0, ""trend_score"": 0.696969696969697}",[],2026-04-27T20:58:07+00:00
SCH-000048,intervention,INT-0008,csrs,90.5,76.4753,"{""genetic_coherence"": 0.6, ""hypothesis_alignment"": 0.7037945181273636, ""mechanism_strength"": 0.7525580848709449, ""phenotype_effect"": 0.0, ""replication_score"": 1.0, ""safety_score"": 0.9827586206896552, ""synergy_bonus"": 0.0, ""trend_score"": 0.6440677966101694}",[],2026-04-27T20:58:07+00:00
SCH-000049,intervention,INT-0009,csrs,81.9,63.0182,"{""genetic_coherence"": 0.3, ""hypothesis_alignment"": 0.6959540202951526, ""mechanism_strength"": 0.0, ""phenotype_effect"": 0.0, ""replication_score"": 1.0, ""safety_score"": 0.9827586206896552, ""synergy_bonus"": 0.0, ""trend_score"": 0.8620689655172413}",[],2026-04-27T20:58:07+00:00
SCH-000050,intervention,INT-0010,csrs,18.6,30.1843,"{""genetic_coherence"": 0.3, ""hypothesis_alignment"": 0.0, ""mechanism_strength"": 0.7560512479012573, ""phenotype_effect"": 0.0, ""replication_score"": 0.0, ""safety_score"": 0.7562326869806094, ""synergy_bonus"": 1.0, ""trend_score"": 0.5}",[],2026-04-27T20:58:07+00:00
SCH-000051,intervention,INT-0011,csrs,76.5,50.2823,"{""genetic_coherence"": 0.3, ""hypothesis_alignment"": 0.0, ""mechanism_strength"": 0.7656878606082093, ""phenotype_effect"": 0.0, ""replication_score"": 1.0, ""safety_score"": 0.9827586206896552, ""synergy_bonus"": 0.0, ""trend_score"": 0.6111111111111112}",[],2026-04-27T20:58:07+00:00
SCH-000052,intervention,INT-0012,csrs,71.9,48.0156,"{""genetic_coherence"": 0.3, ""hypothesis_alignment"": 0.0, ""mechanism_strength"": 0.7656878606082093, ""phenotype_effect"": 0.0, ""replication_score"": 1.0, ""safety_score"": 0.9444444444444444, ""synergy_bonus"": 0.0, ""trend_score"": 0.2727272727272727}",[],2026-04-27T20:58:07+00:00
SCH-000053,intervention,INT-0013,csrs,78.2,42.0480,"{""genetic_coherence"": 0.3, ""hypothesis_alignment"": 0.08000000000000002, ""mechanism_strength"": 0.0, ""phenotype_effect"": 0.0, ""replication_score"": 1.0, ""safety_score"": 0.9827586206896552, ""synergy_bonus"": 0.0, ""trend_score"": 0.7333333333333333}",[],2026-04-27T20:58:07+00:00
SCH-000054,intervention,INT-0014,csrs,86.5,52.8482,"{""genetic_coherence"": 0.3, ""hypothesis_alignment"": 0.08000000000000002, ""mechanism_strength"": 0.7263582110369804, ""phenotype_effect"": 0.0, ""replication_score"": 1.0, ""safety_score"": 0.9827586206896552, ""synergy_bonus"": 0.0, ""trend_score"": 0.7142857142857143}",[],2026-04-27T20:58:07+00:00
SCH-000055,intervention,INT-0015,csrs,70.7,46.4684,"{""genetic_coherence"": 0.3, ""hypothesis_alignment"": 0.0, ""mechanism_strength"": 0.5030118189069747, ""phenotype_effect"": 0.0, ""replication_score"": 1.0, ""safety_score"": 0.9827586206896552, ""synergy_bonus"": 0.0, ""trend_score"": 0.6363636363636364}",[],2026-04-27T20:58:07+00:00
SCH-000056,intervention,INT-0016,csrs,76.8,38.8895,"{""genetic_coherence"": 0.3, ""hypothesis_alignment"": 0.0, ""mechanism_strength"": 0.0, ""phenotype_effect"": 0.0, ""replication_score"": 1.0, ""safety_score"": 0.9827586206896552, ""synergy_bonus"": 0.0, ""trend_score"": 0.6296296296296297}",[],2026-04-27T20:58:07+00:00
SCH-000057,intervention,INT-0017,csrs,69.4,47.7990,"{""genetic_coherence"": 0.3, ""hypothesis_alignment"": 0.0, ""mechanism_strength"": 0.7525580848709449, ""phenotype_effect"": 0.0, ""replication_score"": 1.0, ""safety_score"": 0.9827586206896552, ""synergy_bonus"": 0.0, ""trend_score"": 0.15384615384615385}",[],2026-04-27T20:58:07+00:00
SCH-000058,intervention,INT-0018,csrs,14.2,31.5298,"{""genetic_coherence"": 0.3, ""hypothesis_alignment"": 0.0, ""mechanism_strength"": 0.7525580848709449, ""phenotype_effect"": 0.0, ""replication_score"": 0.0, ""safety_score"": 0.9827586206896552, ""synergy_bonus"": 0.0, ""trend_score"": 0.5}",[],2026-04-27T20:58:07+00:00
SCH-000059,intervention,INT-0019,csrs,13.3,28.0534,"{""genetic_coherence"": 0.3, ""hypothesis_alignment"": 0.0, ""mechanism_strength"": 0.7525580848709449, ""phenotype_effect"": 0.0, ""replication_score"": 0.0, ""safety_score"": 0.7510040160642569, ""synergy_bonus"": 0.0, ""trend_score"": 0.5}",[],2026-04-27T20:58:07+00:00
SCH-000060,intervention,INT-0020,csrs,54.1,50.2574,"{""genetic_coherence"": 0.3, ""hypothesis_alignment"": 0.0, ""mechanism_strength"": 0.7560512479012573, ""phenotype_effect"": 0.0, ""replication_score"": 1.0, ""safety_score"": 0.9444444444444444, ""synergy_bonus"": 0.0, ""trend_score"": 0.75}",[],2026-04-27T20:58:07+00:00
SCH-000061,intervention,INT-0021,csrs,11.3,17.1255,"{""genetic_coherence"": 0.3, ""hypothesis_alignment"": 0.0, ""mechanism_strength"": 0.0, ""phenotype_effect"": 0.0, ""replication_score"": 0.0, ""safety_score"": 0.7750309023485785, ""synergy_bonus"": 0.0, ""trend_score"": 0.5}",[],2026-04-27T20:58:07+00:00
SCH-000062,intervention,INT-0022,csrs,64.6,39.0747,"{""genetic_coherence"": 0.3, ""hypothesis_alignment"": 0.0, ""mechanism_strength"": 0.0, ""phenotype_effect"": 0.0, ""replication_score"": 1.0, ""safety_score"": 0.9827586206896552, ""synergy_bonus"": 0.0, ""trend_score"": 0.6666666666666666}",[],2026-04-27T20:58:07+00:00
SCH-000063,intervention,INT-0023,csrs,73.6,47.0366,"{""genetic_coherence"": 0.3, ""hypothesis_alignment"": 0.0, ""mechanism_strength"": 0.5030118189069747, ""phenotype_effect"": 0.0, ""replication_score"": 1.0, ""safety_score"": 0.9827586206896552, ""synergy_bonus"": 0.0, ""trend_score"": 0.75}",[],2026-04-27T20:58:07+00:00
SCH-000064,intervention,INT-0024,csrs,66.7,39.2029,"{""genetic_coherence"": 0.3, ""hypothesis_alignment"": 0.0, ""mechanism_strength"": 0.0, ""phenotype_effect"": 0.0, ""replication_score"": 1.0, ""safety_score"": 0.9827586206896552, ""synergy_bonus"": 0.0, ""trend_score"": 0.6923076923076923}",[],2026-04-27T20:58:07+00:00
SCH-000065,intervention,INT-0025,csrs,71.1,51.2811,"{""genetic_coherence"": 0.3, ""hypothesis_alignment"": 0.08000000000000002, ""mechanism_strength"": 0.7316286806990155, ""phenotype_effect"": 0.0, ""replication_score"": 1.0, ""safety_score"": 0.9444444444444444, ""synergy_bonus"": 0.0, ""trend_score"": 0.5}",[],2026-04-27T20:58:07+00:00
SCH-000066,intervention,INT-0026,csrs,10.8,28.0999,"{""genetic_coherence"": 0.3, ""hypothesis_alignment"": 0.0, ""mechanism_strength"": 0.7316286806990155, ""phenotype_effect"": 0.0, ""replication_score"": 0.0, ""safety_score"": 0.7750309023485785, ""synergy_bonus"": 0.0, ""trend_score"": 0.5}",[],2026-04-27T20:58:07+00:00
SCH-000067,intervention,INT-0027,csrs,73.8,48.7287,"{""genetic_coherence"": 0.3, ""hypothesis_alignment"": 0.0, ""mechanism_strength"": 0.7263582110369804, ""phenotype_effect"": 0.0, ""replication_score"": 1.0, ""safety_score"": 0.9444444444444444, ""synergy_bonus"": 0.0, ""trend_score"": 0.5333333333333333}",[],2026-04-27T20:58:07+00:00
SCH-000068,intervention,INT-0028,csrs,70.5,50.0838,"{""genetic_coherence"": 0.3, ""hypothesis_alignment"": 0.0, ""mechanism_strength"": 0.7656878606082093, ""phenotype_effect"": 0.0, ""replication_score"": 1.0, ""safety_score"": 0.9827586206896552, ""synergy_bonus"": 0.0, ""trend_score"": 0.5714285714285714}",[],2026-04-27T20:58:07+00:00
SCH-000069,intervention,INT-0029,csrs,65.9,38.8183,"{""genetic_coherence"": 0.3, ""hypothesis_alignment"": 0.0, ""mechanism_strength"": 0.0, ""phenotype_effect"": 0.0, ""replication_score"": 1.0, ""safety_score"": 0.9827586206896552, ""synergy_bonus"": 0.0, ""trend_score"": 0.6153846153846154}",[],2026-04-27T20:58:07+00:00
SCH-000070,intervention,INT-0030,csrs,84.6,51.0298,"{""genetic_coherence"": 0.3, ""hypothesis_alignment"": 0.0, ""mechanism_strength"": 0.7525580848709449, ""phenotype_effect"": 0.0, ""replication_score"": 1.0, ""safety_score"": 0.9827586206896552, ""synergy_bonus"": 0.0, ""trend_score"": 0.8}",[],2026-04-27T20:58:07+00:00
SCH-000071,intervention,INT-0031,csrs,35.4,34.6414,"{""genetic_coherence"": 0.3, ""hypothesis_alignment"": 0.0, ""mechanism_strength"": 0.0, ""phenotype_effect"": 0.0, ""replication_score"": 0.8, ""safety_score"": 0.9827586206896552, ""synergy_bonus"": 0.0, ""trend_score"": 0.5}",[],2026-04-27T20:58:07+00:00
SCH-000072,intervention,INT-0032,csrs,10.3,24.6706,"{""genetic_coherence"": 0.3, ""hypothesis_alignment"": 0.0, ""mechanism_strength"": 0.5030118189069747, ""phenotype_effect"": 0.0, ""replication_score"": 0.0, ""safety_score"": 0.7750309023485785, ""synergy_bonus"": 0.0, ""trend_score"": 0.5}",[],2026-04-27T20:58:07+00:00
SCH-000073,intervention,INT-0033,csrs,10.7,19.6667,"{""genetic_coherence"": 0.3, ""hypothesis_alignment"": 0.0, ""mechanism_strength"": 0.0, ""phenotype_effect"": 0.0, ""replication_score"": 0.0, ""safety_score"": 0.9444444444444444, ""synergy_bonus"": 0.0, ""trend_score"": 0.5}",[],2026-04-27T20:58:07+00:00
SCH-000074,intervention,INT-0034,csrs,34.5,37.1414,"{""genetic_coherence"": 0.3, ""hypothesis_alignment"": 0.0, ""mechanism_strength"": 0.0, ""phenotype_effect"": 0.0, ""replication_score"": 0.8, ""safety_score"": 0.9827586206896552, ""synergy_bonus"": 0.0, ""trend_score"": 1.0}",[],2026-04-27T20:58:07+00:00
SCH-000075,intervention,INT-0035,csrs,71.5,43.5617,"{""genetic_coherence"": 0.3, ""hypothesis_alignment"": 0.0, ""mechanism_strength"": 0.5030118189069747, ""phenotype_effect"": 0.0, ""replication_score"": 1.0, ""safety_score"": 0.6886035313001605, ""synergy_bonus"": 0.0, ""trend_score"": 0.9375}",[],2026-04-27T20:58:07+00:00
SCH-000076,intervention,INT-0036,csrs,69.2,39.0793,"{""genetic_coherence"": 0.3, ""hypothesis_alignment"": 0.0, ""mechanism_strength"": 0.38738707554086216, ""phenotype_effect"": 0.0, ""replication_score"": 1.0, ""safety_score"": 0.6512333965844402, ""synergy_bonus"": 0.0, ""trend_score"": 0.5}",[],2026-04-27T20:58:07+00:00
SCH-000077,intervention,INT-0037,csrs,71.8,46.6446,"{""genetic_coherence"": 0.3, ""hypothesis_alignment"": 0.0, ""mechanism_strength"": 0.7316286806990155, ""phenotype_effect"": 0.0, ""replication_score"": 1.0, ""safety_score"": 0.728011611030479, ""synergy_bonus"": 0.0, ""trend_score"": 0.75}",[],2026-04-27T20:58:07+00:00
SCH-000078,intervention,INT-0038,csrs,62.2,34.7834,"{""genetic_coherence"": 0.3, ""hypothesis_alignment"": 0.0, ""mechanism_strength"": 0.0, ""phenotype_effect"": 0.0, ""replication_score"": 1.0, ""safety_score"": 0.7067716535433071, ""synergy_bonus"": 0.0, ""trend_score"": 0.6363636363636364}",[],2026-04-27T20:58:07+00:00
SCH-000079,intervention,INT-0039,csrs,10.1,22.8137,"{""genetic_coherence"": 0.3, ""hypothesis_alignment"": 0.0, ""mechanism_strength"": 0.5030118189069747, ""phenotype_effect"": 0.0, ""replication_score"": 0.0, ""safety_score"": 0.6512333965844402, ""synergy_bonus"": 0.0, ""trend_score"": 0.5}",[],2026-04-27T20:58:07+00:00
SCH-000080,intervention,INT-0040,csrs,8.9,15.2685,"{""genetic_coherence"": 0.3, ""hypothesis_alignment"": 0.0, ""mechanism_strength"": 0.0, ""phenotype_effect"": 0.0, ""replication_score"": 0.0, ""safety_score"": 0.6512333965844402, ""synergy_bonus"": 0.0, ""trend_score"": 0.5}",[],2026-04-27T20:58:07+00:00
SCH-000081,intervention,INT-0041,csrs,69.7,38.5000,"{""genetic_coherence"": 0.3, ""hypothesis_alignment"": 0.0, ""mechanism_strength"": 0.0, ""phenotype_effect"": 0.0, ""replication_score"": 1.0, ""safety_score"": 1.0, ""synergy_bonus"": 0.0, ""trend_score"": 0.5}",[],2026-04-27T20:58:07+00:00
SCH-000082,intervention,INT-0042,csrs,62.2,45.0935,"{""genetic_coherence"": 0.3, ""hypothesis_alignment"": 0.0, ""mechanism_strength"": 0.7316286806990155, ""phenotype_effect"": 0.0, ""replication_score"": 1.0, ""safety_score"": 0.7857142857142857, ""synergy_bonus"": 0.0, ""trend_score"": 0.26666666666666666}",[],2026-04-27T20:58:07+00:00
SCH-000083,intervention,INT-0043,csrs,11.1,28.0452,"{""genetic_coherence"": 0.3, ""hypothesis_alignment"": 0.0, ""mechanism_strength"": 0.5030118189069747, ""phenotype_effect"": 0.0, ""replication_score"": 0.0, ""safety_score"": 1.0, ""synergy_bonus"": 0.0, ""trend_score"": 0.5}",[],2026-04-27T20:58:07+00:00
SCH-000084,intervention,INT-0044,csrs,12.1,31.8408,"{""genetic_coherence"": 0.3, ""hypothesis_alignment"": 0.0, ""mechanism_strength"": 0.7560512479012573, ""phenotype_effect"": 0.0, ""replication_score"": 0.0, ""safety_score"": 1.0, ""synergy_bonus"": 0.0, ""trend_score"": 0.5}",[],2026-04-27T20:58:07+00:00
SCH-000085,intervention,INT-0045,csrs,8.8,28.7710,"{""genetic_coherence"": 0.3, ""hypothesis_alignment"": 0.0, ""mechanism_strength"": 0.7656878606082093, ""phenotype_effect"": 0.0, ""replication_score"": 0.0, ""safety_score"": 0.7857142857142857, ""synergy_bonus"": 0.0, ""trend_score"": 0.5}",[],2026-04-27T20:58:07+00:00
SCH-000086,intervention,INT-0046,csrs,72.6,39.7736,"{""genetic_coherence"": 0.3, ""hypothesis_alignment"": 0.0, ""mechanism_strength"": 0.0, ""phenotype_effect"": 0.0, ""replication_score"": 1.0, ""safety_score"": 0.9827586206896552, ""synergy_bonus"": 0.0, ""trend_score"": 0.8064516129032258}",[],2026-04-27T20:58:07+00:00
SCH-000087,intervention,INT-0047,csrs,64.5,50.1097,"{""genetic_coherence"": 0.3, ""hypothesis_alignment"": 0.0, ""mechanism_strength"": 0.7263582110369804, ""phenotype_effect"": 0.0, ""replication_score"": 1.0, ""safety_score"": 1.0, ""synergy_bonus"": 0.0, ""trend_score"": 0.6428571428571429}",[],2026-04-27T20:58:07+00:00
SCH-000088,intervention,INT-0048,csrs,8.7,16.7651,"{""genetic_coherence"": 0.3, ""hypothesis_alignment"": 0.0, ""mechanism_strength"": 0.0, ""phenotype_effect"": 0.0, ""replication_score"": 0.0, ""safety_score"": 0.7510040160642569, ""synergy_bonus"": 0.0, ""trend_score"": 0.5}",[],2026-04-27T20:58:07+00:00
SCH-000089,intervention,INT-0049,csrs,11.2,20.5000,"{""genetic_coherence"": 0.3, ""hypothesis_alignment"": 0.0, ""mechanism_strength"": 0.0, ""phenotype_effect"": 0.0, ""replication_score"": 0.0, ""safety_score"": 1.0, ""synergy_bonus"": 0.0, ""trend_score"": 0.5}",[],2026-04-27T20:58:07+00:00
SCH-000090,intervention,INT-0050,csrs,10.7,34.4808,"{""genetic_coherence"": 0.3, ""hypothesis_alignment"": 0.08000000000000002, ""mechanism_strength"": 0.7560512479012573, ""phenotype_effect"": 0.0, ""replication_score"": 0.0, ""safety_score"": 1.0, ""synergy_bonus"": 0.0, ""trend_score"": 0.5}",[],2026-04-27T20:58:07+00:00
SCH-000091,intervention,INT-0051,csrs,12.3,22.8814,"{""genetic_coherence"": 0.3, ""hypothesis_alignment"": 0.08000000000000002, ""mechanism_strength"": 0.0, ""phenotype_effect"": 0.0, ""replication_score"": 0.0, ""safety_score"": 0.9827586206896552, ""synergy_bonus"": 0.0, ""trend_score"": 0.5}",[],2026-04-27T20:58:07+00:00
SCH-000092,intervention,INT-0052,csrs,10.0,23.1400,"{""genetic_coherence"": 0.3, ""hypothesis_alignment"": 0.08000000000000002, ""mechanism_strength"": 0.0, ""phenotype_effect"": 0.0, ""replication_score"": 0.0, ""safety_score"": 1.0, ""synergy_bonus"": 0.0, ""trend_score"": 0.5}",[],2026-04-27T20:58:07+00:00
SCH-000093,intervention,INT-0053,csrs,9.6,20.8574,"{""genetic_coherence"": 0.3, ""hypothesis_alignment"": 0.08000000000000002, ""mechanism_strength"": 0.0, ""phenotype_effect"": 0.0, ""replication_score"": 0.0, ""safety_score"": 0.8478260869565217, ""synergy_bonus"": 0.0, ""trend_score"": 0.5}",[],2026-04-27T20:58:07+00:00
SCH-000094,intervention,INT-0054,csrs,9.6,23.1400,"{""genetic_coherence"": 0.3, ""hypothesis_alignment"": 0.08000000000000002, ""mechanism_strength"": 0.0, ""phenotype_effect"": 0.0, ""replication_score"": 0.0, ""safety_score"": 1.0, ""synergy_bonus"": 0.0, ""trend_score"": 0.5}",[],2026-04-27T20:58:07+00:00
SCH-000095,intervention,INT-0055,csrs,11.4,30.7027,"{""genetic_coherence"": 0.3, ""hypothesis_alignment"": 0.0, ""mechanism_strength"": 0.7656878606082093, ""phenotype_effect"": 0.0, ""replication_score"": 0.0, ""safety_score"": 0.8478260869565217, ""synergy_bonus"": 0.5, ""trend_score"": 0.5}",[],2026-04-27T20:58:07+00:00
SCH-000096,intervention,INT-0056,csrs,9.9,30.1918,"{""genetic_coherence"": 0.3, ""hypothesis_alignment"": 0.0, ""mechanism_strength"": 0.7316286806990155, ""phenotype_effect"": 0.0, ""replication_score"": 0.0, ""safety_score"": 0.8478260869565217, ""synergy_bonus"": 0.5, ""trend_score"": 0.5}",[],2026-04-27T20:58:07+00:00
SCH-000097,intervention,INT-0057,csrs,10.1,31.5620,"{""genetic_coherence"": 0.3, ""hypothesis_alignment"": 0.0, ""mechanism_strength"": 0.7263582110369804, ""phenotype_effect"": 0.0, ""replication_score"": 0.0, ""safety_score"": 0.9444444444444444, ""synergy_bonus"": 0.5, ""trend_score"": 0.5}",[],2026-04-27T20:58:07+00:00
SCH-000098,intervention,INT-0058,csrs,17.9,30.9550,"{""genetic_coherence"": 0.3, ""hypothesis_alignment"": 0.0, ""mechanism_strength"": 0.7525580848709449, ""phenotype_effect"": 0.0, ""replication_score"": 0.0, ""safety_score"": 0.9444444444444444, ""synergy_bonus"": 0.0, ""trend_score"": 0.5}",[],2026-04-27T20:58:07+00:00
SCH-000099,intervention,INT-0059,csrs,9.2,30.9001,"{""genetic_coherence"": 0.3, ""hypothesis_alignment"": 0.08000000000000002, ""mechanism_strength"": 0.7316286806990155, ""phenotype_effect"": 0.0, ""replication_score"": 0.0, ""safety_score"": 0.7857142857142857, ""synergy_bonus"": 0.0, ""trend_score"": 0.5}",[],2026-04-27T20:58:07+00:00
SCH-000100,intervention,INT-0060,csrs,11.4,31.4744,"{""genetic_coherence"": 0.3, ""hypothesis_alignment"": 0.0, ""mechanism_strength"": 0.7316286806990155, ""phenotype_effect"": 0.0, ""replication_score"": 0.0, ""safety_score"": 1.0, ""synergy_bonus"": 0.0, ""trend_score"": 0.5}",[],2026-04-27T20:58:07+00:00
SCH-000101,combination,COM-0001,csrs,,54.4235,"{""genetic_coherence"": 0.3, ""hypothesis_alignment"": 0.6009991261677922, ""mechanism_strength"": 0.8974551864329577, ""phenotype_effect"": 0.0, ""replication_score"": 0.0, ""safety_score"": 0.9085794655414907, ""synergy_bonus"": 1.0, ""trend_score"": 0.5}",[],2026-04-27T20:58:07+00:00
SCH-000102,combination,COM-0002,csrs,,59.7587,"{""genetic_coherence"": 0.3, ""hypothesis_alignment"": 0.7647530866466287, ""mechanism_strength"": 0.8853624527893469, ""phenotype_effect"": 0.0, ""replication_score"": 0.0, ""safety_score"": 0.9827586206896554, ""synergy_bonus"": 0.5, ""trend_score"": 0.5}",[],2026-04-27T20:58:07+00:00
SCH-000103,combination,COM-0003,csrs,,0.0000,{},[],2026-04-27T20:58:07+00:00
SCH-000104,combination,COM-0004,csrs,,42.0374,"{""genetic_coherence"": 0.3, ""hypothesis_alignment"": 0.6301820680767107, ""mechanism_strength"": 0.0, ""phenotype_effect"": 0.0, ""replication_score"": 0.0, ""safety_score"": 0.9827586206896554, ""synergy_bonus"": 0.5, ""trend_score"": 0.5}",[],2026-04-27T20:58:07+00:00
SCH-000001,hypothesis,HYP-0001,confidence,4,0.7981,"{""consistency_index"": 0.6087564363707444, ""cross_phenotype_convergence"": 0.3333333333333333, ""evidence_quality_index"": 0.8940139053756148, ""genetic_support"": 1.0, ""mechanism_coherence"": 0.6792652136249792, ""replication_independence"": 1.0, ""source_type_diversity"": 0.4}","[""EVD-000001"", ""EVD-000002"", ""EVD-000011"", ""EVD-000012"", ""EVD-000013"", ""EVD-000014"", ""EVD-000015"", ""EVD-000016"", ""EVD-000017"", ""EVD-000018"", ""EVD-000019"", ""EVD-000020"", ""EVD-000021"", ""EVD-000022"", ""EVD-000023"", ""EVD-000024"", ""EVD-000025"", ""EVD-000026"", ""EVD-000027"", ""EVD-000028"", ""EVD-000029"", ""EVD-000030"", ""EVD-000031"", ""EVD-000032"", ""EVD-000033"", ""EVD-000034"", ""EVD-000035"", ""EVD-000036"", ""EVD-000037"", ""EVD-000038"", ""EVD-000039"", ""EVD-000040"", ""EVD-000041"", ""EVD-000042"", ""EVD-000043"", ""EVD-000044"", ""EVD-000045"", ""EVD-000046"", ""EVD-001350""]",2026-04-27T21:24:38+00:00
SCH-000002,hypothesis,HYP-0002,confidence,3,0.6557,"{""consistency_index"": 0.637323820520145, ""cross_phenotype_convergence"": 0.3333333333333333, ""evidence_quality_index"": 0.8594913587185612, ""genetic_support"": 0.4, ""mechanism_coherence"": 0.5705462342907589, ""replication_independence"": 1.0, ""source_type_diversity"": 0.4}","[""EVD-000009"", ""EVD-000681"", ""EVD-000682"", ""EVD-000683"", ""EVD-000684"", ""EVD-000685"", ""EVD-000686"", ""EVD-000687"", ""EVD-000688"", ""EVD-000689"", ""EVD-000690"", ""EVD-000691"", ""EVD-000692"", ""EVD-000693"", ""EVD-000694"", ""EVD-000695"", ""EVD-000696"", ""EVD-000697"", ""EVD-000698"", ""EVD-000699"", ""EVD-000700"", ""EVD-000701"", ""EVD-000702"", ""EVD-000703"", ""EVD-000704"", ""EVD-000705"", ""EVD-000706"", ""EVD-001339"", ""EVD-001340""]",2026-04-27T21:24:38+00:00
SCH-000003,hypothesis,HYP-0003,confidence,4,0.7052,"{""consistency_index"": 1.0, ""cross_phenotype_convergence"": 0.3333333333333333, ""evidence_quality_index"": 0.7217430018364962, ""genetic_support"": 0.6, ""mechanism_coherence"": 0.5470509733920019, ""replication_independence"": 1.0, ""source_type_diversity"": 0.4}","[""EVD-000007"", ""EVD-000612"", ""EVD-000613"", ""EVD-000614"", ""EVD-000615"", ""EVD-000616"", ""EVD-000617"", ""EVD-000618"", ""EVD-000619"", ""EVD-000620"", ""EVD-000621"", ""EVD-000622"", ""EVD-000623"", ""EVD-000624""]",2026-04-27T21:24:38+00:00
SCH-000004,hypothesis,HYP-0004,confidence,3,0.5660,"{""consistency_index"": 0.7836030675487353, ""cross_phenotype_convergence"": 0.0, ""evidence_quality_index"": 0.8281314450708098, ""genetic_support"": 0.4, ""mechanism_coherence"": 0.0, ""replication_independence"": 1.0, ""source_type_diversity"": 0.4}","[""EVD-000010"", ""EVD-000625"", ""EVD-000626"", ""EVD-000627"", ""EVD-000628"", ""EVD-000629"", ""EVD-000630"", ""EVD-000631"", ""EVD-000632"", ""EVD-000633"", ""EVD-000634"", ""EVD-000635"", ""EVD-000636"", ""EVD-000637"", ""EVD-000638"", ""EVD-000639"", ""EVD-000640"", ""EVD-000641"", ""EVD-000642"", ""EVD-000643"", ""EVD-000644"", ""EVD-000645"", ""EVD-000646"", ""EVD-000647"", ""EVD-000648"", ""EVD-000649"", ""EVD-000650"", ""EVD-000651"", ""EVD-000652""]",2026-04-27T21:24:38+00:00
SCH-000005,hypothesis,HYP-0005,confidence,2,0.7087,"{""consistency_index"": 1.0, ""cross_phenotype_convergence"": 0.3333333333333333, ""evidence_quality_index"": 0.8062916472958314, ""genetic_support"": 0.4, ""mechanism_coherence"": 0.6674519609407669, ""replication_independence"": 1.0, ""source_type_diversity"": 0.4}","[""EVD-000653"", ""EVD-000654"", ""EVD-000655"", ""EVD-000656"", ""EVD-000657"", ""EVD-000658"", ""EVD-000659"", ""EVD-000660"", ""EVD-000661"", ""EVD-000662"", ""EVD-000663"", ""EVD-000664"", ""EVD-000665"", ""EVD-000666"", ""EVD-000667"", ""EVD-000668"", ""EVD-000669"", ""EVD-000670"", ""EVD-000671"", ""EVD-000672"", ""EVD-000673"", ""EVD-000674"", ""EVD-000675"", ""EVD-000676"", ""EVD-000677"", ""EVD-000678"", ""EVD-000679"", ""EVD-000680""]",2026-04-27T21:24:38+00:00
SCH-000006,hypothesis,HYP-0006,confidence,4,0.5659,"{""consistency_index"": 0.512673170543475, ""cross_phenotype_convergence"": 0.3333333333333333, ""evidence_quality_index"": 0.8811730595560627, ""genetic_support"": 0.0, ""mechanism_coherence"": 0.5864812884130596, ""replication_independence"": 1.0, ""source_type_diversity"": 0.4}","[""EVD-000003"", ""EVD-000004"", ""EVD-000005"", ""EVD-000446"", ""EVD-000463"", ""EVD-000481"", ""EVD-000586"", ""EVD-000587"", ""EVD-000588"", ""EVD-000589"", ""EVD-000590"", ""EVD-000591"", ""EVD-000592"", ""EVD-000593"", ""EVD-000594"", ""EVD-000595"", ""EVD-000596"", ""EVD-000597"", ""EVD-000598"", ""EVD-000599"", ""EVD-000600"", ""EVD-000601"", ""EVD-000602"", ""EVD-000603"", ""EVD-000604"", ""EVD-000605"", ""EVD-000606"", ""EVD-000607"", ""EVD-000608"", ""EVD-000609"", ""EVD-000610"", ""EVD-000611"", ""EVD-001310"", ""EVD-001329"", ""EVD-001330""]",2026-04-27T21:24:38+00:00
SCH-000007,hypothesis,HYP-0007,confidence,3,0.7124,"{""consistency_index"": 0.8168779316986272, ""cross_phenotype_convergence"": 0.6666666666666666, ""evidence_quality_index"": 0.8462011688711166, ""genetic_support"": 0.4, ""mechanism_coherence"": 0.6842788286716308, ""replication_independence"": 1.0, ""source_type_diversity"": 0.4}","[""EVD-000008"", ""EVD-000441"", ""EVD-000452"", ""EVD-000466"", ""EVD-000467"", ""EVD-000468"", ""EVD-000469"", ""EVD-000470"", ""EVD-000471"", ""EVD-000473"", ""EVD-000474"", ""EVD-000475"", ""EVD-000476"", ""EVD-000480"", ""EVD-000707"", ""EVD-000708"", ""EVD-000709"", ""EVD-000710"", ""EVD-000711"", ""EVD-000712"", ""EVD-000713"", ""EVD-000714"", ""EVD-000715"", ""EVD-000716"", ""EVD-000717"", ""EVD-000718"", ""EVD-000719"", ""EVD-000720"", ""EVD-000721"", ""EVD-000722"", ""EVD-000723"", ""EVD-000724"", ""EVD-000725"", ""EVD-000726"", ""EVD-000727"", ""EVD-000728""]",2026-04-27T21:24:38+00:00
SCH-000008,hypothesis,HYP-0008,confidence,4,0.7084,"{""consistency_index"": 1.0, ""cross_phenotype_convergence"": 0.3333333333333333, ""evidence_quality_index"": 0.8171244650890604, ""genetic_support"": 0.4, ""mechanism_coherence"": 0.644234877169707, ""replication_independence"": 1.0, ""source_type_diversity"": 0.4}","[""EVD-000447"", ""EVD-000462"", ""EVD-000465"", ""EVD-000484"", ""EVD-000487"", ""EVD-000729"", ""EVD-000730"", ""EVD-000731"", ""EVD-000732"", ""EVD-000733"", ""EVD-000734"", ""EVD-000735"", ""EVD-000736"", ""EVD-000737"", ""EVD-000738"", ""EVD-000739"", ""EVD-000740"", ""EVD-000741"", ""EVD-000742"", ""EVD-000743"", ""EVD-000744"", ""EVD-000745"", ""EVD-000746"", ""EVD-000747"", ""EVD-000748"", ""EVD-000749"", ""EVD-000750"", ""EVD-000751"", ""EVD-000752"", ""EVD-000753"", ""EVD-000754"", ""EVD-000755"", ""EVD-000756""]",2026-04-27T21:24:38+00:00
SCH-000009,hypothesis,HYP-0009,confidence,3,0.2524,"{""consistency_index"": 1.0, ""cross_phenotype_convergence"": 0.0, ""evidence_quality_index"": 0.17461784806365346, ""genetic_support"": 0.0, ""mechanism_coherence"": 0.0, ""replication_independence"": 0.4, ""source_type_diversity"": 0.2}","[""EVD-000439"", ""EVD-000459""]",2026-04-27T21:24:38+00:00
SCH-000010,hypothesis,HYP-0010,confidence,5,0.5767,"{""consistency_index"": 1.0, ""cross_phenotype_convergence"": 0.0, ""evidence_quality_index"": 0.7555609875336103, ""genetic_support"": 0.4, ""mechanism_coherence"": 0.0, ""replication_independence"": 1.0, ""source_type_diversity"": 0.4}","[""EVD-000757"", ""EVD-000758"", ""EVD-000759"", ""EVD-000760"", ""EVD-000761"", ""EVD-000762"", ""EVD-000763"", ""EVD-000764"", ""EVD-000765"", ""EVD-000766"", ""EVD-000767"", ""EVD-000768"", ""EVD-000769"", ""EVD-000770"", ""EVD-000771"", ""EVD-000772"", ""EVD-000773"", ""EVD-000774"", ""EVD-000775"", ""EVD-000776"", ""EVD-000777"", ""EVD-000778""]",2026-04-27T21:24:38+00:00
SCH-000011,hypothesis,HYP-0011,confidence,3,0.3717,"{""consistency_index"": 1.0, ""cross_phenotype_convergence"": 0.3333333333333333, ""evidence_quality_index"": 0.19912865197334698, ""genetic_support"": 0.4, ""mechanism_coherence"": 0.2352566378799406, ""replication_independence"": 0.2, ""source_type_diversity"": 0.2}","[""EVD-001337""]",2026-04-27T21:24:38+00:00
SCH-000012,hypothesis,HYP-0012,confidence,3,0.3717,"{""consistency_index"": 1.0, ""cross_phenotype_convergence"": 0.3333333333333333, ""evidence_quality_index"": 0.19912865197334698, ""genetic_support"": 0.4, ""mechanism_coherence"": 0.2352566378799406, ""replication_independence"": 0.2, ""source_type_diversity"": 0.2}","[""EVD-001338""]",2026-04-27T21:24:38+00:00
SCH-000013,hypothesis,HYP-0013,confidence,4,0.2960,"{""consistency_index"": 1.0, ""cross_phenotype_convergence"": 0.0, ""evidence_quality_index"": 0.12010558732952047, ""genetic_support"": 0.4, ""mechanism_coherence"": 0.0, ""replication_independence"": 0.2, ""source_type_diversity"": 0.2}","[""EVD-001326""]",2026-04-27T21:24:38+00:00
SCH-000014,hypothesis,HYP-0014,confidence,3,0.0800,"{""consistency_index"": 0.0, ""cross_phenotype_convergence"": 0.0, ""evidence_quality_index"": 0.0, ""genetic_support"": 0.4, ""mechanism_coherence"": 0.0, ""replication_independence"": 0.0, ""source_type_diversity"": 0.0}",[],2026-04-27T21:24:38+00:00
SCH-000015,hypothesis,HYP-0015,confidence,3,0.0800,"{""consistency_index"": 0.0, ""cross_phenotype_convergence"": 0.0, ""evidence_quality_index"": 0.0, ""genetic_support"": 0.4, ""mechanism_coherence"": 0.0, ""replication_independence"": 0.0, ""source_type_diversity"": 0.0}",[],2026-04-27T21:24:38+00:00
SCH-000016,hypothesis,HYP-0016,confidence,2,0.0800,"{""consistency_index"": 0.0, ""cross_phenotype_convergence"": 0.0, ""evidence_quality_index"": 0.0, ""genetic_support"": 0.4, ""mechanism_coherence"": 0.0, ""replication_independence"": 0.0, ""source_type_diversity"": 0.0}",[],2026-04-27T21:24:38+00:00
SCH-000017,hypothesis,HYP-0017,confidence,1,0.0967,"{""consistency_index"": 0.0, ""cross_phenotype_convergence"": 0.3333333333333333, ""evidence_quality_index"": 0.0, ""genetic_support"": 0.4, ""mechanism_coherence"": 0.0, ""replication_independence"": 0.0, ""source_type_diversity"": 0.0}",[],2026-04-27T21:24:38+00:00
SCH-000018,hypothesis,HYP-0018,confidence,4,0.0967,"{""consistency_index"": 0.0, ""cross_phenotype_convergence"": 0.3333333333333333, ""evidence_quality_index"": 0.0, ""genetic_support"": 0.4, ""mechanism_coherence"": 0.0, ""replication_independence"": 0.0, ""source_type_diversity"": 0.0}",[],2026-04-27T21:24:38+00:00
SCH-000019,hypothesis,HYP-0019,confidence,3,0.0967,"{""consistency_index"": 0.0, ""cross_phenotype_convergence"": 0.3333333333333333, ""evidence_quality_index"": 0.0, ""genetic_support"": 0.4, ""mechanism_coherence"": 0.0, ""replication_independence"": 0.0, ""source_type_diversity"": 0.0}",[],2026-04-27T21:24:38+00:00
SCH-000020,hypothesis,HYP-0020,confidence,3,0.0800,"{""consistency_index"": 0.0, ""cross_phenotype_convergence"": 0.0, ""evidence_quality_index"": 0.0, ""genetic_support"": 0.4, ""mechanism_coherence"": 0.0, ""replication_independence"": 0.0, ""source_type_diversity"": 0.0}",[],2026-04-27T21:24:38+00:00
SCH-000021,hypothesis,HYP-0021,confidence,3,0.0800,"{""consistency_index"": 0.0, ""cross_phenotype_convergence"": 0.0, ""evidence_quality_index"": 0.0, ""genetic_support"": 0.4, ""mechanism_coherence"": 0.0, ""replication_independence"": 0.0, ""source_type_diversity"": 0.0}",[],2026-04-27T21:24:38+00:00
SCH-000022,hypothesis,HYP-0022,confidence,3,0.0967,"{""consistency_index"": 0.0, ""cross_phenotype_convergence"": 0.3333333333333333, ""evidence_quality_index"": 0.0, ""genetic_support"": 0.4, ""mechanism_coherence"": 0.0, ""replication_independence"": 0.0, ""source_type_diversity"": 0.0}",[],2026-04-27T21:24:38+00:00
SCH-000023,hypothesis,HYP-0023,confidence,2,0.0967,"{""consistency_index"": 0.0, ""cross_phenotype_convergence"": 0.3333333333333333, ""evidence_quality_index"": 0.0, ""genetic_support"": 0.4, ""mechanism_coherence"": 0.0, ""replication_independence"": 0.0, ""source_type_diversity"": 0.0}",[],2026-04-27T21:24:38+00:00
SCH-000024,hypothesis,HYP-0024,confidence,2,0.0800,"{""consistency_index"": 0.0, ""cross_phenotype_convergence"": 0.0, ""evidence_quality_index"": 0.0, ""genetic_support"": 0.4, ""mechanism_coherence"": 0.0, ""replication_independence"": 0.0, ""source_type_diversity"": 0.0}",[],2026-04-27T21:24:38+00:00
SCH-000025,hypothesis,HYP-0025,confidence,4,0.0800,"{""consistency_index"": 0.0, ""cross_phenotype_convergence"": 0.0, ""evidence_quality_index"": 0.0, ""genetic_support"": 0.4, ""mechanism_coherence"": 0.0, ""replication_independence"": 0.0, ""source_type_diversity"": 0.0}",[],2026-04-27T21:24:38+00:00
SCH-000026,hypothesis,HYP-0026,confidence,3,0.0800,"{""consistency_index"": 0.0, ""cross_phenotype_convergence"": 0.0, ""evidence_quality_index"": 0.0, ""genetic_support"": 0.4, ""mechanism_coherence"": 0.0, ""replication_independence"": 0.0, ""source_type_diversity"": 0.0}",[],2026-04-27T21:24:38+00:00
SCH-000027,hypothesis,HYP-0027,confidence,5,0.5493,"{""consistency_index"": 1.0, ""cross_phenotype_convergence"": 0.0, ""evidence_quality_index"": 0.43102938164273197, ""genetic_support"": 1.0, ""mechanism_coherence"": 0.0, ""replication_independence"": 0.6, ""source_type_diversity"": 0.2}","[""EVD-001299"", ""EVD-001347"", ""EVD-001348""]",2026-04-27T21:24:38+00:00
SCH-000028,hypothesis,HYP-0028,confidence,4,0.0000,"{""consistency_index"": 0.0, ""cross_phenotype_convergence"": 0.0, ""evidence_quality_index"": 0.0, ""genetic_support"": 0.0, ""mechanism_coherence"": 0.0, ""replication_independence"": 0.0, ""source_type_diversity"": 0.0}",[],2026-04-27T21:24:38+00:00
SCH-000029,hypothesis,HYP-0029,confidence,5,0.4177,"{""consistency_index"": 1.0, ""cross_phenotype_convergence"": 0.3333333333333333, ""evidence_quality_index"": 0.04868814094636503, ""genetic_support"": 1.0, ""mechanism_coherence"": 0.04313658390210287, ""replication_independence"": 0.2, ""source_type_diversity"": 0.2}","[""EVD-001300""]",2026-04-27T21:24:38+00:00
SCH-000030,hypothesis,HYP-0030,confidence,5,0.2167,"{""consistency_index"": 0.0, ""cross_phenotype_convergence"": 0.3333333333333333, ""evidence_quality_index"": 0.0, ""genetic_support"": 1.0, ""mechanism_coherence"": 0.0, ""replication_independence"": 0.0, ""source_type_diversity"": 0.0}",[],2026-04-27T21:24:38+00:00
SCH-000031,hypothesis,HYP-0031,confidence,,0.4108,"{""consistency_index"": 1.0, ""cross_phenotype_convergence"": 0.3333333333333333, ""evidence_quality_index"": 0.19935948759007205, ""genetic_support"": 0.4, ""mechanism_coherence"": 0.29581606382296566, ""replication_independence"": 0.4, ""source_type_diversity"": 0.4}","[""EVD-001310"", ""EVD-001341""]",2026-04-27T21:24:38+00:00
SCH-000032,hypothesis,HYP-0032,confidence,,0.6621,"{""consistency_index"": 1.0, ""cross_phenotype_convergence"": 0.6666666666666666, ""evidence_quality_index"": 0.488919780848802, ""genetic_support"": 1.0, ""mechanism_coherence"": 0.4139416684026522, ""replication_independence"": 0.6, ""source_type_diversity"": 0.2}","[""EVD-001312"", ""EVD-001331"", ""EVD-001332""]",2026-04-27T21:24:38+00:00
SCH-000033,hypothesis,HYP-0033,confidence,,0.3512,"{""consistency_index"": 1.0, ""cross_phenotype_convergence"": 0.3333333333333333, ""evidence_quality_index"": 0.1305708671686171, ""genetic_support"": 0.4, ""mechanism_coherence"": 0.23543996069572132, ""replication_independence"": 0.2, ""source_type_diversity"": 0.2}","[""EVD-001311""]",2026-04-27T21:24:38+00:00
SCH-000034,hypothesis,HYP-0034,confidence,,0.4400,"{""consistency_index"": 1.0, ""cross_phenotype_convergence"": 0.3333333333333333, ""evidence_quality_index"": 0.16926962185153188, ""genetic_support"": 0.8, ""mechanism_coherence"": 0.2169024817911306, ""replication_independence"": 0.2, ""source_type_diversity"": 0.2}","[""EVD-001302""]",2026-04-27T21:24:38+00:00
SCH-000035,hypothesis,HYP-0035,confidence,,0.3822,"{""consistency_index"": 1.0, ""cross_phenotype_convergence"": 0.3333333333333333, ""evidence_quality_index"": 0.2263056092843327, ""genetic_support"": 0.4, ""mechanism_coherence"": 0.2507971913419699, ""replication_independence"": 0.2, ""source_type_diversity"": 0.2}","[""EVD-001305""]",2026-04-27T21:24:38+00:00
SCH-000036,hypothesis,HYP-0036,confidence,,0.5184,"{""consistency_index"": 1.0, ""cross_phenotype_convergence"": 0.3333333333333333, ""evidence_quality_index"": 0.5119665794713623, ""genetic_support"": 0.4, ""mechanism_coherence"": 0.4544909859501321, ""replication_independence"": 0.4, ""source_type_diversity"": 0.2}","[""EVD-001323"", ""EVD-001324""]",2026-04-27T21:24:38+00:00
SCH-000037,hypothesis,HYP-0037,confidence,,0.5939,"{""consistency_index"": 1.0, ""cross_phenotype_convergence"": 0.6666666666666666, ""evidence_quality_index"": 0.5851586353378467, ""genetic_support"": 0.4, ""mechanism_coherence"": 0.4999577929658692, ""replication_independence"": 0.6, ""source_type_diversity"": 0.4}","[""EVD-001315"", ""EVD-001342"", ""EVD-001349""]",2026-04-27T21:24:38+00:00
SCH-000038,hypothesis,HYP-0038,confidence,,0.3458,"{""consistency_index"": 1.0, ""cross_phenotype_convergence"": 0.6666666666666666, ""evidence_quality_index"": 0.09285532856779999, ""genetic_support"": 0.4, ""mechanism_coherence"": 0.16434859131955826, ""replication_independence"": 0.2, ""source_type_diversity"": 0.2}","[""EVD-001306""]",2026-04-27T21:24:38+00:00
SCH-000039,hypothesis,HYP-0039,confidence,,0.6649,"{""consistency_index"": 1.0, ""cross_phenotype_convergence"": 0.6666666666666666, ""evidence_quality_index"": 0.7395819769894635, ""genetic_support"": 0.4, ""mechanism_coherence"": 0.5979393621356448, ""replication_independence"": 0.8, ""source_type_diversity"": 0.2}","[""EVD-001317"", ""EVD-001318"", ""EVD-001319"", ""EVD-001345""]",2026-04-27T21:24:38+00:00
SCH-000040,hypothesis,HYP-0040,confidence,,0.4847,"{""consistency_index"": 1.0, ""cross_phenotype_convergence"": 0.6666666666666666, ""evidence_quality_index"": 0.3531694695989651, ""genetic_support"": 0.4, ""mechanism_coherence"": 0.43596541828641144, ""replication_independence"": 0.4, ""source_type_diversity"": 0.2}","[""EVD-001325"", ""EVD-001326""]",2026-04-27T21:24:38+00:00
SCH-000041,hypothesis,HYP-0041,confidence,,0.6641,"{""consistency_index"": 1.0, ""cross_phenotype_convergence"": 0.6666666666666666, ""evidence_quality_index"": 0.6803784319365871, ""genetic_support"": 0.4, ""mechanism_coherence"": 0.644225920564612, ""replication_independence"": 0.8, ""source_type_diversity"": 0.4}","[""EVD-001325"", ""EVD-001326"", ""EVD-001327"", ""EVD-001328""]",2026-04-27T21:24:38+00:00
SCH-000042,hypothesis,HYP-0042,confidence,,0.3283,"{""consistency_index"": 1.0, ""cross_phenotype_convergence"": 0.3333333333333333, ""evidence_quality_index"": 0.06981935891950217, ""genetic_support"": 0.4, ""mechanism_coherence"": 0.20478910973502593, ""replication_independence"": 0.2, ""source_type_diversity"": 0.2}","[""EVD-001344""]",2026-04-27T21:24:38+00:00
SCH-000043,hypothesis,HYP-0043,confidence,,0.5021,"{""consistency_index"": 1.0, ""cross_phenotype_convergence"": 0.3333333333333333, ""evidence_quality_index"": 0.4986362907107332, ""genetic_support"": 0.4, ""mechanism_coherence"": 0.3722776389248041, ""replication_independence"": 0.4, ""source_type_diversity"": 0.2}","[""EVD-001337"", ""EVD-001338""]",2026-04-27T21:24:38+00:00
SCH-000044,hypothesis,HYP-0044,confidence,,0.3873,"{""consistency_index"": 1.0, ""cross_phenotype_convergence"": 0.6666666666666666, ""evidence_quality_index"": 0.1699316023640348, ""genetic_support"": 0.4, ""mechanism_coherence"": 0.2866164156340238, ""replication_independence"": 0.2, ""source_type_diversity"": 0.2}","[""EVD-001301""]",2026-04-27T21:24:38+00:00
SCH-000045,hypothesis,HYP-0045,confidence,,0.5283,"{""consistency_index"": 1.0, ""cross_phenotype_convergence"": 0.6666666666666666, ""evidence_quality_index"": 0.48138159941914743, ""genetic_support"": 0.4, ""mechanism_coherence"": 0.470609513975598, ""replication_independence"": 0.4, ""source_type_diversity"": 0.2}","[""EVD-001303"", ""EVD-001354""]",2026-04-27T21:24:38+00:00
SCH-000046,hypothesis,HYP-0046,confidence,,0.5320,"{""consistency_index"": 1.0, ""cross_phenotype_convergence"": 0.6666666666666666, ""evidence_quality_index"": 0.4739167946802466, ""genetic_support"": 0.4, ""mechanism_coherence"": 0.5099724681072106, ""replication_independence"": 0.4, ""source_type_diversity"": 0.2}","[""EVD-001304"", ""EVD-001321""]",2026-04-27T21:24:38+00:00
SCH-000047,hypothesis,HYP-0047,confidence,,0.4774,"{""consistency_index"": 1.0, ""cross_phenotype_convergence"": 0.3333333333333333, ""evidence_quality_index"": 0.40393166672627345, ""genetic_support"": 0.4, ""mechanism_coherence"": 0.39689054757789793, ""replication_independence"": 0.4, ""source_type_diversity"": 0.2}","[""EVD-001320"", ""EVD-001321""]",2026-04-27T21:24:38+00:00
SCH-000048,hypothesis,HYP-0048,confidence,,0.3822,"{""consistency_index"": 1.0, ""cross_phenotype_convergence"": 0.3333333333333333, ""evidence_quality_index"": 0.2263056092843327, ""genetic_support"": 0.4, ""mechanism_coherence"": 0.2507971913419699, ""replication_independence"": 0.2, ""source_type_diversity"": 0.2}","[""EVD-001305""]",2026-04-27T21:24:38+00:00
SCH-000049,hypothesis,HYP-0049,confidence,,0.0967,"{""consistency_index"": 0.0, ""cross_phenotype_convergence"": 0.3333333333333333, ""evidence_quality_index"": 0.0, ""genetic_support"": 0.4, ""mechanism_coherence"": 0.0, ""replication_independence"": 0.0, ""source_type_diversity"": 0.0}",[],2026-04-27T21:24:38+00:00
SCH-000050,hypothesis,HYP-0050,confidence,,0.3900,"{""consistency_index"": 1.0, ""cross_phenotype_convergence"": 0.3333333333333333, ""evidence_quality_index"": 0.20592065559190675, ""genetic_support"": 0.4, ""mechanism_coherence"": 0.3437696521896027, ""replication_independence"": 0.2, ""source_type_diversity"": 0.2}","[""EVD-001322""]",2026-04-27T21:24:38+00:00
SCH-000051,hypothesis,HYP-0051,confidence,,0.6602,"{""consistency_index"": 1.0, ""cross_phenotype_convergence"": 0.3333333333333333, ""evidence_quality_index"": 0.665032022938607, ""genetic_support"": 0.4, ""mechanism_coherence"": 0.6266490191023878, ""replication_independence"": 1.0, ""source_type_diversity"": 0.4}","[""EVD-001307"", ""EVD-001314"", ""EVD-001333"", ""EVD-001352"", ""EVD-001353""]",2026-04-27T21:24:38+00:00
SCH-000052,hypothesis,HYP-0052,confidence,,0.4758,"{""consistency_index"": 1.0, ""cross_phenotype_convergence"": 0.3333333333333333, ""evidence_quality_index"": 0.3940715965001575, ""genetic_support"": 0.4, ""mechanism_coherence"": 0.4064003255060201, ""replication_independence"": 0.4, ""source_type_diversity"": 0.2}","[""EVD-001308"", ""EVD-001345""]",2026-04-27T21:24:38+00:00
SCH-000053,hypothesis,HYP-0053,confidence,,0.1133,"{""consistency_index"": 0.0, ""cross_phenotype_convergence"": 0.6666666666666666, ""evidence_quality_index"": 0.0, ""genetic_support"": 0.4, ""mechanism_coherence"": 0.0, ""replication_independence"": 0.0, ""source_type_diversity"": 0.0}",[],2026-04-27T21:24:38+00:00
SCH-000054,hypothesis,HYP-0054,confidence,,0.3177,"{""consistency_index"": 1.0, ""cross_phenotype_convergence"": 0.3333333333333333, ""evidence_quality_index"": 0.05328132692089218, ""genetic_support"": 0.4, ""mechanism_coherence"": 0.16712394404569678, ""replication_independence"": 0.2, ""source_type_diversity"": 0.2}","[""EVD-001313""]",2026-04-27T21:24:38+00:00
SCH-000055,hypothesis,HYP-0055,confidence,,0.3165,"{""consistency_index"": 1.0, ""cross_phenotype_convergence"": 0.0, ""evidence_quality_index"": 0.18832486485608999, ""genetic_support"": 0.4, ""mechanism_coherence"": 0.0, ""replication_independence"": 0.2, ""source_type_diversity"": 0.2}","[""EVD-001335""]",2026-04-27T21:24:38+00:00
SCH-000056,mechanism,MEC-0001,other,,0.7343,"{""strength"": 0.7342746688534996}",[],2026-04-27T21:24:38+00:00
SCH-000057,mechanism,MEC-0002,other,,0.7891,"{""strength"": 0.7891294750531761}",[],2026-04-27T21:24:38+00:00
SCH-000058,mechanism,MEC-0003,other,,0.7708,"{""strength"": 0.7707710052221486}",[],2026-04-27T21:24:38+00:00
SCH-000059,mechanism,MEC-0004,other,,0.8244,"{""strength"": 0.8243641514631861}",[],2026-04-27T21:24:38+00:00
SCH-000060,mechanism,MEC-0005,other,,0.7404,"{""strength"": 0.7403784319365871}",[],2026-04-27T21:24:38+00:00
SCH-000061,mechanism,MEC-0006,other,,0.4671,"{""strength"": 0.4671215712467618}",[],2026-04-27T21:24:38+00:00
SCH-000062,mechanism,MEC-0007,other,,0.6626,"{""strength"": 0.6626229060485223}",[],2026-04-27T21:24:38+00:00
SCH-000063,mechanism,MEC-0008,other,,0.7893,"{""strength"": 0.7892845351709794}",[],2026-04-27T21:24:38+00:00
SCH-000064,mechanism,MEC-0009,other,,0.4000,"{""strength"": 0.4}",[],2026-04-27T21:24:38+00:00
SCH-000065,mechanism,MEC-0010,other,,0.7067,"{""strength"": 0.7067492492181134}",[],2026-04-27T21:24:38+00:00
SCH-000066,mechanism,MEC-0011,other,,0.7561,"{""strength"": 0.7561272455023702}",[],2026-04-27T21:24:38+00:00
SCH-000067,mechanism,MEC-0012,other,,0.4508,"{""strength"": 0.4507617655585426}",[],2026-04-27T21:24:38+00:00
SCH-000068,mechanism,MEC-0013,other,,0.0000,"{""strength"": 0.0}",[],2026-04-27T21:24:38+00:00
SCH-000069,mechanism,MEC-0014,other,,0.7126,"{""strength"": 0.7125535874254385}",[],2026-04-27T21:24:38+00:00
SCH-000070,mechanism,MEC-0015,other,,0.2048,"{""strength"": 0.20477107380064882}",[],2026-04-27T21:24:38+00:00
SCH-000071,mechanism,MEC-0016,other,,0.5533,"{""strength"": 0.5532847673964779}",[],2026-04-27T21:24:38+00:00
SCH-000072,mechanism,MEC-0017,other,,0.7798,"{""strength"": 0.7797925462514677}",[],2026-04-27T21:24:38+00:00
SCH-000073,mechanism,MEC-0018,other,,0.7808,"{""strength"": 0.7807950377170308}",[],2026-04-27T21:24:38+00:00
SCH-000074,mechanism,MEC-0019,other,,0.8075,"{""strength"": 0.8074732010630237}",[],2026-04-27T21:24:38+00:00
SCH-000075,mechanism,MEC-0020,other,,0.6647,"{""strength"": 0.6647340403754859}",[],2026-04-27T21:24:38+00:00
SCH-000076,intervention,INT-0001,csrs,89.6,81.7301,"{""genetic_coherence"": 1.0, ""hypothesis_alignment"": 0.7980740857787096, ""mechanism_strength"": 0.7007095287437082, ""phenotype_effect"": 0.0, ""replication_score"": 1.0, ""safety_score"": 0.8755364806866952, ""synergy_bonus"": 0.0, ""trend_score"": 0.75}",[],2026-04-27T21:24:38+00:00
SCH-000077,intervention,INT-0002,csrs,83.2,50.1957,"{""genetic_coherence"": 0.41, ""hypothesis_alignment"": 0.0, ""mechanism_strength"": 0.7125535874254385, ""phenotype_effect"": 0.0, ""replication_score"": 1.0, ""safety_score"": 0.9444444444444444, ""synergy_bonus"": 0.0, ""trend_score"": 0.6481481481481481}",[],2026-04-27T21:24:38+00:00
SCH-000078,intervention,INT-0003,csrs,87.4,46.5993,"{""genetic_coherence"": 0.3, ""hypothesis_alignment"": 0.0, ""mechanism_strength"": 0.6551553544388263, ""phenotype_effect"": 0.0, ""replication_score"": 1.0, ""safety_score"": 0.8755364806866952, ""synergy_bonus"": 0.0, ""trend_score"": 0.5277777777777778}",[],2026-04-27T21:24:38+00:00
SCH-000079,intervention,INT-0004,csrs,79.9,47.5393,"{""genetic_coherence"": 0.3, ""hypothesis_alignment"": 0.0, ""mechanism_strength"": 0.6241334685254746, ""phenotype_effect"": 0.0, ""replication_score"": 1.0, ""safety_score"": 0.9827586206896552, ""synergy_bonus"": 0.0, ""trend_score"": 0.48717948717948717}",[],2026-04-27T21:24:38+00:00
SCH-000080,intervention,INT-0005,csrs,75.8,45.1440,"{""genetic_coherence"": 0.3, ""hypothesis_alignment"": 0.0, ""mechanism_strength"": 0.6647340403754859, ""phenotype_effect"": 0.0, ""replication_score"": 1.0, ""safety_score"": 0.7067716535433071, ""synergy_bonus"": 0.0, ""trend_score"": 0.7142857142857143}",[],2026-04-27T21:24:38+00:00
SCH-000081,intervention,INT-0006,csrs,65.2,47.1155,"{""genetic_coherence"": 0.3, ""hypothesis_alignment"": 0.08000000000000002, ""mechanism_strength"": 0.6707600537951997, ""phenotype_effect"": 0.0, ""replication_score"": 1.0, ""safety_score"": 0.7067716535433071, ""synergy_bonus"": 0.0, ""trend_score"": 0.5625}",[],2026-04-27T21:24:38+00:00
SCH-000082,intervention,INT-0007,csrs,78.4,59.7138,"{""genetic_coherence"": 0.3, ""hypothesis_alignment"": 0.4108469225171332, ""mechanism_strength"": 0.7561272455023702, ""phenotype_effect"": 0.0, ""replication_score"": 1.0, ""safety_score"": 0.6886035313001605, ""synergy_bonus"": 0.0, ""trend_score"": 0.696969696969697}",[],2026-04-27T21:24:38+00:00
SCH-000083,intervention,INT-0008,csrs,90.5,75.0622,"{""genetic_coherence"": 0.6, ""hypothesis_alignment"": 0.7052472132264158, ""mechanism_strength"": 0.6551553544388263, ""phenotype_effect"": 0.0, ""replication_score"": 1.0, ""safety_score"": 0.9827586206896552, ""synergy_bonus"": 0.0, ""trend_score"": 0.6440677966101694}",[],2026-04-27T21:24:38+00:00
SCH-000084,intervention,INT-0009,csrs,81.9,63.4379,"{""genetic_coherence"": 0.3, ""hypothesis_alignment"": 0.7086719549965311, ""mechanism_strength"": 0.0, ""phenotype_effect"": 0.0, ""replication_score"": 1.0, ""safety_score"": 0.9827586206896552, ""synergy_bonus"": 0.0, ""trend_score"": 0.8620689655172413}",[],2026-04-27T21:24:38+00:00
SCH-000085,intervention,INT-0010,csrs,18.6,28.6708,"{""genetic_coherence"": 0.3, ""hypothesis_alignment"": 0.0, ""mechanism_strength"": 0.6551553544388263, ""phenotype_effect"": 0.0, ""replication_score"": 0.0, ""safety_score"": 0.7562326869806094, ""synergy_bonus"": 1.0, ""trend_score"": 0.5}",[],2026-04-27T21:24:38+00:00
SCH-000086,intervention,INT-0011,csrs,76.5,47.8080,"{""genetic_coherence"": 0.3, ""hypothesis_alignment"": 0.0, ""mechanism_strength"": 0.6007368618353964, ""phenotype_effect"": 0.0, ""replication_score"": 1.0, ""safety_score"": 0.9827586206896552, ""synergy_bonus"": 0.0, ""trend_score"": 0.6111111111111112}",[],2026-04-27T21:24:38+00:00
SCH-000087,intervention,INT-0012,csrs,71.9,45.5414,"{""genetic_coherence"": 0.3, ""hypothesis_alignment"": 0.0, ""mechanism_strength"": 0.6007368618353964, ""phenotype_effect"": 0.0, ""replication_score"": 1.0, ""safety_score"": 0.9444444444444444, ""synergy_bonus"": 0.0, ""trend_score"": 0.2727272727272727}",[],2026-04-27T21:24:38+00:00
SCH-000088,intervention,INT-0013,csrs,78.2,56.6141,"{""genetic_coherence"": 0.3, ""hypothesis_alignment"": 0.5283392402554172, ""mechanism_strength"": 0.0, ""phenotype_effect"": 0.0, ""replication_score"": 1.0, ""safety_score"": 0.9827586206896552, ""synergy_bonus"": 0.0, ""trend_score"": 0.6875}",[],2026-04-27T21:24:38+00:00
SCH-000089,intervention,INT-0014,csrs,86.5,52.0142,"{""genetic_coherence"": 0.3, ""hypothesis_alignment"": 0.08000000000000002, ""mechanism_strength"": 0.6707600537951997, ""phenotype_effect"": 0.0, ""replication_score"": 1.0, ""safety_score"": 0.9827586206896552, ""synergy_bonus"": 0.0, ""trend_score"": 0.7142857142857143}",[],2026-04-27T21:24:38+00:00
SCH-000090,intervention,INT-0015,csrs,70.7,62.8600,"{""genetic_coherence"": 0.3, ""hypothesis_alignment"": 0.47737974882123346, ""mechanism_strength"": 0.5632294701412439, ""phenotype_effect"": 0.0, ""replication_score"": 1.0, ""safety_score"": 0.9827586206896552, ""synergy_bonus"": 0.0, ""trend_score"": 0.5833333333333334}",[],2026-04-27T21:24:38+00:00
SCH-000091,intervention,INT-0016,csrs,76.8,56.3332,"{""genetic_coherence"": 0.3, ""hypothesis_alignment"": 0.5320042419534889, ""mechanism_strength"": 0.0, ""phenotype_effect"": 0.0, ""replication_score"": 1.0, ""safety_score"": 0.9827586206896552, ""synergy_bonus"": 0.0, ""trend_score"": 0.6071428571428571}",[],2026-04-27T21:24:38+00:00
SCH-000092,intervention,INT-0017,csrs,69.4,46.2830,"{""genetic_coherence"": 0.3, ""hypothesis_alignment"": 0.0, ""mechanism_strength"": 0.6551553544388263, ""phenotype_effect"": 0.0, ""replication_score"": 1.0, ""safety_score"": 0.9827586206896552, ""synergy_bonus"": 0.0, ""trend_score"": 0.14285714285714285}",[],2026-04-27T21:24:38+00:00
SCH-000093,intervention,INT-0018,csrs,14.2,30.0687,"{""genetic_coherence"": 0.3, ""hypothesis_alignment"": 0.0, ""mechanism_strength"": 0.6551553544388263, ""phenotype_effect"": 0.0, ""replication_score"": 0.0, ""safety_score"": 0.9827586206896552, ""synergy_bonus"": 0.0, ""trend_score"": 0.5}",[],2026-04-27T21:24:38+00:00
SCH-000094,intervention,INT-0019,csrs,13.3,26.5924,"{""genetic_coherence"": 0.3, ""hypothesis_alignment"": 0.0, ""mechanism_strength"": 0.6551553544388263, ""phenotype_effect"": 0.0, ""replication_score"": 0.0, ""safety_score"": 0.7510040160642569, ""synergy_bonus"": 0.0, ""trend_score"": 0.5}",[],2026-04-27T21:24:38+00:00
SCH-000095,intervention,INT-0020,csrs,54.1,48.2787,"{""genetic_coherence"": 0.3, ""hypothesis_alignment"": 0.0, ""mechanism_strength"": 0.6241334685254746, ""phenotype_effect"": 0.0, ""replication_score"": 1.0, ""safety_score"": 0.9444444444444444, ""synergy_bonus"": 0.0, ""trend_score"": 0.75}",[],2026-04-27T21:24:38+00:00
SCH-000096,intervention,INT-0021,csrs,11.3,17.1255,"{""genetic_coherence"": 0.3, ""hypothesis_alignment"": 0.0, ""mechanism_strength"": 0.0, ""phenotype_effect"": 0.0, ""replication_score"": 0.0, ""safety_score"": 0.7750309023485785, ""synergy_bonus"": 0.0, ""trend_score"": 0.5}",[],2026-04-27T21:24:38+00:00
SCH-000097,intervention,INT-0022,csrs,64.6,39.0747,"{""genetic_coherence"": 0.3, ""hypothesis_alignment"": 0.0, ""mechanism_strength"": 0.0, ""phenotype_effect"": 0.0, ""replication_score"": 1.0, ""safety_score"": 0.9827586206896552, ""synergy_bonus"": 0.0, ""trend_score"": 0.6666666666666666}",[],2026-04-27T21:24:38+00:00
SCH-000098,intervention,INT-0023,csrs,73.6,47.9398,"{""genetic_coherence"": 0.3, ""hypothesis_alignment"": 0.0, ""mechanism_strength"": 0.5632294701412439, ""phenotype_effect"": 0.0, ""replication_score"": 1.0, ""safety_score"": 0.9827586206896552, ""synergy_bonus"": 0.0, ""trend_score"": 0.75}",[],2026-04-27T21:24:38+00:00
SCH-000099,intervention,INT-0024,csrs,66.7,39.2029,"{""genetic_coherence"": 0.3, ""hypothesis_alignment"": 0.0, ""mechanism_strength"": 0.0, ""phenotype_effect"": 0.0, ""replication_score"": 1.0, ""safety_score"": 0.9827586206896552, ""synergy_bonus"": 0.0, ""trend_score"": 0.6923076923076923}",[],2026-04-27T21:24:38+00:00
SCH-000100,intervention,INT-0025,csrs,71.1,50.9200,"{""genetic_coherence"": 0.3, ""hypothesis_alignment"": 0.09666666666666668, ""mechanism_strength"": 0.6708918548953324, ""phenotype_effect"": 0.0, ""replication_score"": 1.0, ""safety_score"": 0.9444444444444444, ""synergy_bonus"": 0.0, ""trend_score"": 0.5}",[],2026-04-27T21:24:38+00:00
SCH-000101,intervention,INT-0026,csrs,10.8,28.4674,"{""genetic_coherence"": 0.3, ""hypothesis_alignment"": 0.0, ""mechanism_strength"": 0.7561272455023702, ""phenotype_effect"": 0.0, ""replication_score"": 0.0, ""safety_score"": 0.7750309023485785, ""synergy_bonus"": 0.0, ""trend_score"": 0.5}",[],2026-04-27T21:24:38+00:00
SCH-000102,intervention,INT-0027,csrs,73.8,48.3440,"{""genetic_coherence"": 0.3, ""hypothesis_alignment"": 0.0, ""mechanism_strength"": 0.7007095287437082, ""phenotype_effect"": 0.0, ""replication_score"": 1.0, ""safety_score"": 0.9444444444444444, ""synergy_bonus"": 0.0, ""trend_score"": 0.5333333333333333}",[],2026-04-27T21:24:38+00:00
SCH-000103,intervention,INT-0028,csrs,70.5,49.2868,"{""genetic_coherence"": 0.3, ""hypothesis_alignment"": 0.0, ""mechanism_strength"": 0.7125535874254385, ""phenotype_effect"": 0.0, ""replication_score"": 1.0, ""safety_score"": 0.9827586206896552, ""synergy_bonus"": 0.0, ""trend_score"": 0.5714285714285714}",[],2026-04-27T21:24:38+00:00
SCH-000104,intervention,INT-0029,csrs,65.9,50.2954,"{""genetic_coherence"": 0.3, ""hypothesis_alignment"": 0.0, ""mechanism_strength"": 0.7797925462514677, ""phenotype_effect"": 0.0, ""replication_score"": 1.0, ""safety_score"": 0.9827586206896552, ""synergy_bonus"": 0.0, ""trend_score"": 0.5714285714285714}",[],2026-04-27T21:24:38+00:00
SCH-000105,intervention,INT-0030,csrs,84.6,62.2851,"{""genetic_coherence"": 0.3, ""hypothesis_alignment"": 0.39000831117267915, ""mechanism_strength"": 0.6551553544388263, ""phenotype_effect"": 0.0, ""replication_score"": 1.0, ""safety_score"": 0.9827586206896552, ""synergy_bonus"": 0.0, ""trend_score"": 0.7692307692307693}",[],2026-04-27T21:24:38+00:00
SCH-000106,intervention,INT-0031,csrs,35.4,34.6414,"{""genetic_coherence"": 0.3, ""hypothesis_alignment"": 0.0, ""mechanism_strength"": 0.0, ""phenotype_effect"": 0.0, ""replication_score"": 0.8, ""safety_score"": 0.9827586206896552, ""synergy_bonus"": 0.0, ""trend_score"": 0.5}",[],2026-04-27T21:24:38+00:00
SCH-000107,intervention,INT-0032,csrs,10.3,25.5739,"{""genetic_coherence"": 0.3, ""hypothesis_alignment"": 0.0, ""mechanism_strength"": 0.5632294701412439, ""phenotype_effect"": 0.0, ""replication_score"": 0.0, ""safety_score"": 0.7750309023485785, ""synergy_bonus"": 0.0, ""trend_score"": 0.5}",[],2026-04-27T21:24:38+00:00
SCH-000108,intervention,INT-0033,csrs,10.7,19.6667,"{""genetic_coherence"": 0.3, ""hypothesis_alignment"": 0.0, ""mechanism_strength"": 0.0, ""phenotype_effect"": 0.0, ""replication_score"": 0.0, ""safety_score"": 0.9444444444444444, ""synergy_bonus"": 0.0, ""trend_score"": 0.5}",[],2026-04-27T21:24:38+00:00
SCH-000109,intervention,INT-0034,csrs,34.5,37.1414,"{""genetic_coherence"": 0.3, ""hypothesis_alignment"": 0.0, ""mechanism_strength"": 0.0, ""phenotype_effect"": 0.0, ""replication_score"": 0.8, ""safety_score"": 0.9827586206896552, ""synergy_bonus"": 0.0, ""trend_score"": 1.0}",[],2026-04-27T21:24:38+00:00
SCH-000110,intervention,INT-0035,csrs,71.5,47.2076,"{""genetic_coherence"": 0.3, ""hypothesis_alignment"": 0.0, ""mechanism_strength"": 0.7807950377170308, ""phenotype_effect"": 0.0, ""replication_score"": 1.0, ""safety_score"": 0.6886035313001605, ""synergy_bonus"": 0.0, ""trend_score"": 0.8333333333333334}",[],2026-04-27T21:24:38+00:00
SCH-000111,intervention,INT-0036,csrs,69.2,58.9874,"{""genetic_coherence"": 1.0, ""hypothesis_alignment"": 0.4177435965358916, ""mechanism_strength"": 0.34, ""phenotype_effect"": 0.0, ""replication_score"": 1.0, ""safety_score"": 0.6512333965844402, ""synergy_bonus"": 0.0, ""trend_score"": 0.4666666666666667}",[],2026-04-27T21:24:38+00:00
SCH-000112,intervention,INT-0037,csrs,71.8,60.4200,"{""genetic_coherence"": 0.3, ""hypothesis_alignment"": 0.4108469225171332, ""mechanism_strength"": 0.7561272455023702, ""phenotype_effect"": 0.0, ""replication_score"": 1.0, ""safety_score"": 0.728011611030479, ""synergy_bonus"": 0.0, ""trend_score"": 0.72}",[],2026-04-27T21:24:38+00:00
SCH-000113,intervention,INT-0038,csrs,62.2,44.7544,"{""genetic_coherence"": 0.3, ""hypothesis_alignment"": 0.0, ""mechanism_strength"": 0.6647340403754859, ""phenotype_effect"": 0.0, ""replication_score"": 1.0, ""safety_score"": 0.7067716535433071, ""synergy_bonus"": 0.0, ""trend_score"": 0.6363636363636364}",[],2026-04-27T21:24:38+00:00
SCH-000114,intervention,INT-0039,csrs,10.1,23.7169,"{""genetic_coherence"": 0.3, ""hypothesis_alignment"": 0.0, ""mechanism_strength"": 0.5632294701412439, ""phenotype_effect"": 0.0, ""replication_score"": 0.0, ""safety_score"": 0.6512333965844402, ""synergy_bonus"": 0.0, ""trend_score"": 0.5}",[],2026-04-27T21:24:38+00:00
SCH-000115,intervention,INT-0040,csrs,8.9,25.2395,"{""genetic_coherence"": 0.3, ""hypothesis_alignment"": 0.0, ""mechanism_strength"": 0.6647340403754859, ""phenotype_effect"": 0.0, ""replication_score"": 0.0, ""safety_score"": 0.6512333965844402, ""synergy_bonus"": 0.0, ""trend_score"": 0.5}",[],2026-04-27T21:24:38+00:00
SCH-000116,intervention,INT-0041,csrs,69.7,38.5000,"{""genetic_coherence"": 0.3, ""hypothesis_alignment"": 0.0, ""mechanism_strength"": 0.0, ""phenotype_effect"": 0.0, ""replication_score"": 1.0, ""safety_score"": 1.0, ""synergy_bonus"": 0.0, ""trend_score"": 0.5}",[],2026-04-27T21:24:38+00:00
SCH-000117,intervention,INT-0042,csrs,62.2,44.1824,"{""genetic_coherence"": 0.3, ""hypothesis_alignment"": 0.0, ""mechanism_strength"": 0.6708918548953324, ""phenotype_effect"": 0.0, ""replication_score"": 1.0, ""safety_score"": 0.7857142857142857, ""synergy_bonus"": 0.0, ""trend_score"": 0.26666666666666666}",[],2026-04-27T21:24:38+00:00
SCH-000118,intervention,INT-0043,csrs,11.1,28.9484,"{""genetic_coherence"": 0.3, ""hypothesis_alignment"": 0.0, ""mechanism_strength"": 0.5632294701412439, ""phenotype_effect"": 0.0, ""replication_score"": 0.0, ""safety_score"": 1.0, ""synergy_bonus"": 0.0, ""trend_score"": 0.5}",[],2026-04-27T21:24:38+00:00
SCH-000119,intervention,INT-0044,csrs,12.1,29.8620,"{""genetic_coherence"": 0.3, ""hypothesis_alignment"": 0.0, ""mechanism_strength"": 0.6241334685254746, ""phenotype_effect"": 0.0, ""replication_score"": 0.0, ""safety_score"": 1.0, ""synergy_bonus"": 0.0, ""trend_score"": 0.5}",[],2026-04-27T21:24:38+00:00
SCH-000120,intervention,INT-0045,csrs,8.8,26.2968,"{""genetic_coherence"": 0.3, ""hypothesis_alignment"": 0.0, ""mechanism_strength"": 0.6007368618353964, ""phenotype_effect"": 0.0, ""replication_score"": 0.0, ""safety_score"": 0.7857142857142857, ""synergy_bonus"": 0.0, ""trend_score"": 0.5}",[],2026-04-27T21:24:38+00:00
SCH-000121,intervention,INT-0046,csrs,72.6,61.5893,"{""genetic_coherence"": 0.3, ""hypothesis_alignment"": 0.664898830750519, ""mechanism_strength"": 0.0, ""phenotype_effect"": 0.0, ""replication_score"": 1.0, ""safety_score"": 0.9827586206896552, ""synergy_bonus"": 0.0, ""trend_score"": 0.78125}",[],2026-04-27T21:24:38+00:00
SCH-000122,intervention,INT-0047,csrs,64.5,63.8999,"{""genetic_coherence"": 0.3, ""hypothesis_alignment"": 0.4108469225171332, ""mechanism_strength"": 0.7561272455023702, ""phenotype_effect"": 0.0, ""replication_score"": 1.0, ""safety_score"": 1.0, ""synergy_bonus"": 0.0, ""trend_score"": 0.6}",[],2026-04-27T21:24:38+00:00
SCH-000123,intervention,INT-0048,csrs,8.7,16.7651,"{""genetic_coherence"": 0.3, ""hypothesis_alignment"": 0.0, ""mechanism_strength"": 0.0, ""phenotype_effect"": 0.0, ""replication_score"": 0.0, ""safety_score"": 0.7510040160642569, ""synergy_bonus"": 0.0, ""trend_score"": 0.5}",[],2026-04-27T21:24:38+00:00
SCH-000124,intervention,INT-0049,csrs,11.2,20.5000,"{""genetic_coherence"": 0.3, ""hypothesis_alignment"": 0.0, ""mechanism_strength"": 0.0, ""phenotype_effect"": 0.0, ""replication_score"": 0.0, ""safety_score"": 1.0, ""synergy_bonus"": 0.0, ""trend_score"": 0.5}",[],2026-04-27T21:24:38+00:00
SCH-000125,intervention,INT-0050,csrs,10.7,33.0520,"{""genetic_coherence"": 0.3, ""hypothesis_alignment"": 0.09666666666666668, ""mechanism_strength"": 0.6241334685254746, ""phenotype_effect"": 0.0, ""replication_score"": 0.0, ""safety_score"": 1.0, ""synergy_bonus"": 0.0, ""trend_score"": 0.5}",[],2026-04-27T21:24:38+00:00
SCH-000126,intervention,INT-0051,csrs,12.3,30.0104,"{""genetic_coherence"": 0.3, ""hypothesis_alignment"": 0.2960316761988562, ""mechanism_strength"": 0.0, ""phenotype_effect"": 0.0, ""replication_score"": 0.0, ""safety_score"": 0.9827586206896552, ""synergy_bonus"": 0.0, ""trend_score"": 0.5}",[],2026-04-27T21:24:38+00:00
SCH-000127,intervention,INT-0052,csrs,10.0,32.7659,"{""genetic_coherence"": 0.3, ""hypothesis_alignment"": 0.3716937579406619, ""mechanism_strength"": 0.0, ""phenotype_effect"": 0.0, ""replication_score"": 0.0, ""safety_score"": 1.0, ""synergy_bonus"": 0.0, ""trend_score"": 0.5}",[],2026-04-27T21:24:38+00:00
SCH-000128,intervention,INT-0053,csrs,9.6,20.8574,"{""genetic_coherence"": 0.3, ""hypothesis_alignment"": 0.08000000000000002, ""mechanism_strength"": 0.0, ""phenotype_effect"": 0.0, ""replication_score"": 0.0, ""safety_score"": 0.8478260869565217, ""synergy_bonus"": 0.0, ""trend_score"": 0.5}",[],2026-04-27T21:24:38+00:00
SCH-000129,intervention,INT-0054,csrs,9.6,23.1400,"{""genetic_coherence"": 0.3, ""hypothesis_alignment"": 0.08000000000000002, ""mechanism_strength"": 0.0, ""phenotype_effect"": 0.0, ""replication_score"": 0.0, ""safety_score"": 1.0, ""synergy_bonus"": 0.0, ""trend_score"": 0.5}",[],2026-04-27T21:24:38+00:00
SCH-000130,intervention,INT-0055,csrs,11.4,28.2284,"{""genetic_coherence"": 0.3, ""hypothesis_alignment"": 0.0, ""mechanism_strength"": 0.6007368618353964, ""phenotype_effect"": 0.0, ""replication_score"": 0.0, ""safety_score"": 0.8478260869565217, ""synergy_bonus"": 0.5, ""trend_score"": 0.5}",[],2026-04-27T21:24:38+00:00
SCH-000131,intervention,INT-0056,csrs,9.9,29.2808,"{""genetic_coherence"": 0.3, ""hypothesis_alignment"": 0.0, ""mechanism_strength"": 0.6708918548953324, ""phenotype_effect"": 0.0, ""replication_score"": 0.0, ""safety_score"": 0.8478260869565217, ""synergy_bonus"": 0.5, ""trend_score"": 0.5}",[],2026-04-27T21:24:38+00:00
SCH-000132,intervention,INT-0057,csrs,10.1,30.7281,"{""genetic_coherence"": 0.3, ""hypothesis_alignment"": 0.0, ""mechanism_strength"": 0.6707600537951997, ""phenotype_effect"": 0.0, ""replication_score"": 0.0, ""safety_score"": 0.9444444444444444, ""synergy_bonus"": 0.5, ""trend_score"": 0.5}",[],2026-04-27T21:24:38+00:00
SCH-000133,intervention,INT-0058,csrs,17.9,29.4940,"{""genetic_coherence"": 0.3, ""hypothesis_alignment"": 0.0, ""mechanism_strength"": 0.6551553544388263, ""phenotype_effect"": 0.0, ""replication_score"": 0.0, ""safety_score"": 0.9444444444444444, ""synergy_bonus"": 0.0, ""trend_score"": 0.5}",[],2026-04-27T21:24:38+00:00
SCH-000134,intervention,INT-0059,csrs,9.2,30.5391,"{""genetic_coherence"": 0.3, ""hypothesis_alignment"": 0.09666666666666668, ""mechanism_strength"": 0.6708918548953324, ""phenotype_effect"": 0.0, ""replication_score"": 0.0, ""safety_score"": 0.7857142857142857, ""synergy_bonus"": 0.0, ""trend_score"": 0.5}",[],2026-04-27T21:24:38+00:00
SCH-000135,intervention,INT-0060,csrs,11.4,30.5634,"{""genetic_coherence"": 0.3, ""hypothesis_alignment"": 0.0, ""mechanism_strength"": 0.6708918548953324, ""phenotype_effect"": 0.0, ""replication_score"": 0.0, ""safety_score"": 1.0, ""synergy_bonus"": 0.0, ""trend_score"": 0.5}",[],2026-04-27T21:24:38+00:00
SCH-000136,intervention,INT-0061,csrs,,44.1872,"{""genetic_coherence"": 0.8, ""hypothesis_alignment"": 0.4399829254907959, ""mechanism_strength"": 0.5532847673964779, ""phenotype_effect"": 0.0, ""replication_score"": 0.2, ""safety_score"": 0.6512333965844402, ""synergy_bonus"": 0.0, ""trend_score"": 0.0}",[],2026-04-27T21:24:38+00:00
SCH-000137,intervention,INT-0062,csrs,,27.6683,"{""genetic_coherence"": 0.3, ""hypothesis_alignment"": 0.0, ""mechanism_strength"": 0.7892845351709794, ""phenotype_effect"": 0.0, ""replication_score"": 0.0, ""safety_score"": 0.6886035313001605, ""synergy_bonus"": 0.0, ""trend_score"": 0.5}",[],2026-04-27T21:24:38+00:00
SCH-000138,intervention,INT-0063,csrs,,26.7044,"{""genetic_coherence"": 0.3, ""hypothesis_alignment"": 0.0, ""mechanism_strength"": 0.6626229060485223, ""phenotype_effect"": 0.0, ""replication_score"": 0.0, ""safety_score"": 0.7510040160642569, ""synergy_bonus"": 0.0, ""trend_score"": 0.5}",[],2026-04-27T21:24:38+00:00
SCH-000139,intervention,INT-0064,csrs,,23.7719,"{""genetic_coherence"": 0.3, ""hypothesis_alignment"": 0.0, ""mechanism_strength"": 0.4671215712467618, ""phenotype_effect"": 0.0, ""replication_score"": 0.0, ""safety_score"": 0.7510040160642569, ""synergy_bonus"": 0.0, ""trend_score"": 0.5}",[],2026-04-27T21:24:38+00:00
SCH-000140,intervention,INT-0065,csrs,,54.5621,"{""genetic_coherence"": 1.0, ""hypothesis_alignment"": 0.6621005178483717, ""mechanism_strength"": 0.4671215712467618, ""phenotype_effect"": 0.0, ""replication_score"": 0.4, ""safety_score"": 0.5670644391408114, ""synergy_bonus"": 0.0, ""trend_score"": 0.0}",[],2026-04-27T21:24:38+00:00
SCH-000141,intervention,INT-0066,csrs,,41.1525,"{""genetic_coherence"": 0.3, ""hypothesis_alignment"": 0.382177928153262, ""mechanism_strength"": 0.5532847673964779, ""phenotype_effect"": 0.0, ""replication_score"": 0.0, ""safety_score"": 0.9827586206896552, ""synergy_bonus"": 0.0, ""trend_score"": 0.5}",[],2026-04-27T21:24:38+00:00
SCH-000142,intervention,INT-0067,csrs,,34.4455,"{""genetic_coherence"": 0.3, ""hypothesis_alignment"": 0.09666666666666668, ""mechanism_strength"": 0.7342746688534996, ""phenotype_effect"": 0.0, ""replication_score"": 0.0, ""safety_score"": 0.9827586206896552, ""synergy_bonus"": 0.0, ""trend_score"": 0.5}",[],2026-04-27T21:24:38+00:00
SCH-000143,intervention,INT-0068,csrs,,40.1414,"{""genetic_coherence"": 0.3, ""hypothesis_alignment"": 0.35115392092161, ""mechanism_strength"": 0.7125535874254385, ""phenotype_effect"": 0.0, ""replication_score"": 0.2, ""safety_score"": 0.7510040160642569, ""synergy_bonus"": 0.0, ""trend_score"": 0.0}",[],2026-04-27T21:24:38+00:00
SCH-000144,intervention,INT-0069,csrs,,39.9442,"{""genetic_coherence"": 0.3, ""hypothesis_alignment"": 0.4399829254907959, ""mechanism_strength"": 0.5532847673964779, ""phenotype_effect"": 0.0, ""replication_score"": 0.0, ""safety_score"": 0.7750309023485785, ""synergy_bonus"": 0.0, ""trend_score"": 0.5}",[],2026-04-27T21:24:38+00:00
SCH-000145,intervention,INT-0070,csrs,,40.0366,"{""genetic_coherence"": 0.3, ""hypothesis_alignment"": 0.382177928153262, ""mechanism_strength"": 0.5532847673964779, ""phenotype_effect"": 0.0, ""replication_score"": 0.0, ""safety_score"": 0.9083665338645419, ""synergy_bonus"": 0.0, ""trend_score"": 0.5}",[],2026-04-27T21:24:38+00:00
SCH-000146,intervention,INT-0071,csrs,,48.6390,"{""genetic_coherence"": 0.3, ""hypothesis_alignment"": 0.5938745928795677, ""mechanism_strength"": 0.8074732010630237, ""phenotype_effect"": 0.0, ""replication_score"": 0.2, ""safety_score"": 0.6886035313001605, ""synergy_bonus"": 0.0, ""trend_score"": 0.0}",[],2026-04-27T21:24:38+00:00
SCH-000147,intervention,INT-0072,csrs,,38.9196,"{""genetic_coherence"": 0.3, ""hypothesis_alignment"": 0.3458422206016071, ""mechanism_strength"": 0.4671215712467618, ""phenotype_effect"": 0.0, ""replication_score"": 0.0, ""safety_score"": 1.0, ""synergy_bonus"": 0.0, ""trend_score"": 0.5}",[],2026-04-27T21:24:38+00:00
SCH-000148,intervention,INT-0073,csrs,,48.9957,"{""genetic_coherence"": 0.3, ""hypothesis_alignment"": 0.5938745928795677, ""mechanism_strength"": 0.8074732010630237, ""phenotype_effect"": 0.0, ""replication_score"": 0.0, ""safety_score"": 0.7857142857142857, ""synergy_bonus"": 0.0, ""trend_score"": 0.5}",[],2026-04-27T21:24:38+00:00
SCH-000149,intervention,INT-0074,csrs,,53.3100,"{""genetic_coherence"": 0.3, ""hypothesis_alignment"": 0.5938745928795677, ""mechanism_strength"": 0.8074732010630237, ""phenotype_effect"": 0.0, ""replication_score"": 0.2, ""safety_score"": 1.0, ""synergy_bonus"": 0.0, ""trend_score"": 0.0}",[],2026-04-27T21:24:38+00:00
SCH-000150,intervention,INT-0075,csrs,,46.1145,"{""genetic_coherence"": 0.3, ""hypothesis_alignment"": 0.5938745928795677, ""mechanism_strength"": 0.5532847673964779, ""phenotype_effect"": 0.0, ""replication_score"": 0.0, ""safety_score"": 0.8478260869565217, ""synergy_bonus"": 0.0, ""trend_score"": 0.5}",[],2026-04-27T21:24:38+00:00
SCH-000151,combination,COM-0001,csrs,,53.1944,"{""genetic_coherence"": 0.3, ""hypothesis_alignment"": 0.5862289338734987, ""mechanism_strength"": 0.8480081828968391, ""phenotype_effect"": 0.0, ""replication_score"": 0.0, ""safety_score"": 0.9085794655414907, ""synergy_bonus"": 1.0, ""trend_score"": 0.5}",[],2026-04-27T21:24:38+00:00
SCH-000152,combination,COM-0002,csrs,,57.5735,"{""genetic_coherence"": 0.3, ""hypothesis_alignment"": 0.7506220664644981, ""mechanism_strength"": 0.7707710052221486, ""phenotype_effect"": 0.0, ""replication_score"": 0.0, ""safety_score"": 0.9827586206896554, ""synergy_bonus"": 0.5, ""trend_score"": 0.5}",[],2026-04-27T21:24:38+00:00
SCH-000153,combination,COM-0003,csrs,,0.0000,{},[],2026-04-27T21:24:38+00:00
SCH-000154,combination,COM-0004,csrs,,42.1759,"{""genetic_coherence"": 0.3, ""hypothesis_alignment"": 0.6343789865281657, ""mechanism_strength"": 0.0, ""phenotype_effect"": 0.0, ""replication_score"": 0.0, ""safety_score"": 0.9827586206896554, ""synergy_bonus"": 0.5, ""trend_score"": 0.5}",[],2026-04-27T21:24:38+00:00
