id,name,category,directionality,mechanism_summary,dose_range,cost_per_month_usd,otc_or_rx,pediatric_safe,csrs_score,csrs_last_updated,status,mainstream_consensus_position,created_at,last_updated,notes,targets_legacy,source_pmids_legacy,source_anecdote_ids_legacy,csrs_score_legacy,csrs_last_updated_legacy,csrs_prevention_score,csrs_prevention_last_updated,csrs_treatment_score,csrs_treatment_last_updated
INT-0001,Leucovorin (folinic acid),drug,treatment,Reduced folate that bypasses folate-receptor autoantibody blockade; restores cerebral folate transport. Crosses BBB.,0.5–2 mg/kg/day (max 50 mg/day),60,rx,yes,83.35,2026-06-24T18:46:42+00:00,active,,2026-04-24T17:07:31+00:00,2026-06-24T18:46:42+00:00,Calibration target: CSRS > 80,FOLR1; folate metabolism; methylation cycle,30097774;28250023;28366711,ANE-0001;ANE-0002,89.6,2026-04-24T13:11:52.804324+00:00,81.36,2026-06-24T18:46:42+00:00,82.34,2026-06-24T18:46:42+00:00
INT-0002,Sulforaphane (broccoli sprout extract),supplement,treatment,Activates NRF2 antioxidant response; upregulates phase II detox enzymes; reduces oxidative stress associated with autism phenotypes.,50–200 µmol/day,40,otc,yes,74.51,2026-06-24T18:46:42+00:00,active,,2026-04-24T17:07:31+00:00,2026-06-24T18:46:42+00:00,Singh 2014 RCT in adolescent males,NRF2 pathway; oxidative stress; HSF1; mitochondrial function,25313065;31022192,ANE-0003,83.2,2026-04-24T13:11:52.804324+00:00,77.58,2026-06-24T18:46:42+00:00,74.57,2026-06-24T18:46:42+00:00
INT-0003,Methyl-B12 (methylcobalamin) injection,supplement,treatment,Provides active form of B12 to support methylation; subcutaneous injection bypasses GI absorption issues common in autism.,"75 µg/kg every 3 days, SC",50,rx,yes,48.07,2026-06-24T18:46:42+00:00,active,,2026-04-24T17:07:31+00:00,2026-06-24T18:46:42+00:00,Hendren 2016 RCT,MTR/MTRR; methylation cycle; homocysteine,27585776;19874739,ANE-0004,87.4,2026-04-24T13:11:52.804324+00:00,60.18,2026-06-24T18:46:42+00:00,49.64,2026-06-24T18:46:42+00:00
INT-0004,N-Acetylcysteine (NAC),supplement,treatment,Replenishes glutathione; modulates glutamatergic neurotransmission; documented effect on irritability in ASD trials.,900–2700 mg/day divided,25,otc,yes,51.23,2026-06-24T18:46:42+00:00,active,,2026-04-24T17:07:31+00:00,2026-06-24T18:46:42+00:00,Hardan 2012 RCT for irritability,Glutathione precursor; glutamate modulation; oxidative stress,22342106;26581605,ANE-0005,79.9,2026-04-24T13:11:52.804324+00:00,64.82,2026-06-24T18:46:42+00:00,52.93,2026-06-24T18:46:42+00:00
INT-0005,Bumetanide,drug,treatment,"Loop diuretic that reduces intracellular chloride in immature neurons, restoring GABA's inhibitory polarity. Phase 2 positive; phase 3 mixed.",0.5–1.0 mg twice daily,30,rx,uncertain,47.72,2026-06-24T18:46:42+00:00,active,,2026-04-24T17:07:31+00:00,2026-06-24T18:46:42+00:00,Lemonnier 2017 phase 2 positive,NKCC1 chloride transporter; GABA polarity,29220032;33658592,ANE-0006,75.8,2026-04-24T13:11:52.804324+00:00,57.72,2026-06-24T18:46:42+00:00,50.18,2026-06-24T18:46:42+00:00
INT-0006,Low-dose naltrexone (LDN),drug,treatment,Sub-clinical doses produce paradoxical immunomodulation; reduces neuroinflammation; case reports in ASD.,0.5–4.5 mg at bedtime,35,rx,uncertain,50.58,2026-06-24T18:46:42+00:00,active,,2026-04-24T17:07:31+00:00,2026-06-24T18:46:42+00:00,Limited RCT data; broader off-label use,Opioid receptor; TLR4; microglial modulation,8814518,ANE-0007,65.2,2026-04-24T13:11:52.804324+00:00,59.22,2026-06-24T18:46:42+00:00,53.43,2026-06-24T18:46:42+00:00
INT-0007,Ketogenic diet,food,treatment,Shifts brain energy metabolism to ketones; modulates mitochondrial function and GABA tone; small open-label autism trials positive.,Diet protocol (3:1 or 4:1 ratio),200,lifestyle,uncertain,62.41,2026-06-24T18:46:42+00:00,active,,2026-04-24T17:07:31+00:00,2026-06-24T18:46:42+00:00,Lee 2018 small open-label,BHB; mitochondrial function; GABA; neuroinflammation,23508262;30062247,ANE-0008;ANE-0009,78.4,2026-04-24T13:11:52.804324+00:00,64.36,2026-06-24T18:46:42+00:00,64.04,2026-06-24T18:46:42+00:00
INT-0008,Methylated folate (5-MTHF) — preconception/prenatal,supplement,prevention,Bioavailable form of folate that bypasses MTHFR variants; preconception/prenatal supplementation associated with reduced autism risk in some cohorts.,400–800 µg/day preconception + pregnancy,15,otc,yes,75.90,2026-06-24T18:46:42+00:00,active,,2026-04-24T17:07:31+00:00,2026-06-24T18:46:42+00:00,Surén 2013 MoBa cohort,MTHFR; methylation cycle; neural tube development,23209385;28196005,,90.5,2026-04-24T13:11:52.804324+00:00,79.66,2026-06-24T18:46:42+00:00,74.64,2026-06-24T18:46:42+00:00
INT-0009,Reverse osmosis water filtration,environmental,cause_mitigation,Removes >99% of PFAS/glyphosate/heavy metals from drinking water; reduces prenatal and childhood exposure to known endocrine disruptors and neurotoxicants.,One-time install $200-500,20,otc,yes,62.60,2026-06-24T18:46:42+00:00,active,,2026-04-24T17:07:31+00:00,2026-06-24T18:46:42+00:00,See Miami Beach PFAS memo for documented exposure pathway,PFAS; glyphosate; fluoride; heavy metals,,,81.9,2026-04-24T13:11:52.804324+00:00,68.55,2026-06-24T18:46:42+00:00,50.91,2026-06-24T18:46:42+00:00
INT-0010,Leucovorin + methyl-B12 + sulforaphane (combo),combo,treatment,"Combination targets cerebral folate deficiency, methylation cycle dysfunction, and oxidative stress simultaneously. Theoretical combo, not yet RCT-tested as a triple.",Per single-agent doses,150,combo,yes,31.90,2026-06-24T18:46:42+00:00,active,,2026-04-24T17:07:31+00:00,2026-06-24T18:46:42+00:00,First-class combo example,FOLR1 + methylation + NRF2 antioxidant,30097774;27585776;25313065,ANE-0010,18.6,2026-04-24T13:11:52.804324+00:00,46.22,2026-06-24T18:46:42+00:00,37.70,2026-06-24T18:46:42+00:00
INT-0011,L-carnitine,supplement,treatment,Carnitine deficiency in autism subset; supplementation restores mitochondrial fatty acid oxidation.,50-100 mg/kg/day,25,otc,yes,51.70,2026-06-24T18:46:42+00:00,active,,2026-04-24T17:07:31+00:00,2026-06-24T18:46:42+00:00,,mitochondrial fatty acid oxidation,21531920,,76.5,2026-04-24T13:11:52.804324+00:00,65.38,2026-06-24T18:46:42+00:00,53.03,2026-06-24T18:46:42+00:00
INT-0012,Coenzyme Q10 (ubiquinol),supplement,treatment,Mitochondrial cofactor; ubiquinol form preferred for absorption.,100-300 mg/day,30,otc,yes,49.51,2026-06-24T18:46:42+00:00,active,,2026-04-24T17:07:31+00:00,2026-06-24T18:46:42+00:00,,mitochondrial electron transport; antioxidant,26340301,,71.9,2026-04-24T13:11:52.804324+00:00,61.80,2026-06-24T18:46:42+00:00,51.67,2026-06-24T18:46:42+00:00
INT-0013,Vitamin D3,supplement,treatment,Maternal/postnatal vitamin D deficiency associated with autism risk; supplementation in deficient children improves behaviors.,1000-5000 IU/day,10,otc,yes,67.74,2026-06-24T18:46:42+00:00,active,,2026-04-24T17:07:31+00:00,2026-06-24T18:46:42+00:00,,VDR; immune modulation,27228363;30022480,,78.2,2026-04-24T13:11:52.804324+00:00,75.10,2026-06-24T18:46:42+00:00,66.60,2026-06-24T18:46:42+00:00
INT-0014,Omega-3 (EPA + DHA),supplement,treatment,DHA critical for neurodevelopment; preconception/prenatal omega-3 reduces risk; postnatal modestly benefits behaviors.,1000-2000 mg combined,25,otc,yes,55.87,2026-06-24T18:46:42+00:00,active,,2026-04-24T17:07:31+00:00,2026-06-24T18:46:42+00:00,,DHA; EPA; neuroinflammation,29161196,,86.5,2026-04-24T13:11:52.804324+00:00,68.05,2026-06-24T18:46:42+00:00,57.05,2026-06-24T18:46:42+00:00
INT-0015,Magnesium glycinate,supplement,treatment,Highly bioavailable form; calming effect on hyperactivity.,200-400 mg elemental/day,15,otc,yes,65.01,2026-06-24T18:46:42+00:00,active,,2026-04-24T17:07:31+00:00,2026-06-24T18:46:42+00:00,,NMDA modulation; GABA,,,70.7,2026-04-24T13:11:52.804324+00:00,73.17,2026-06-24T18:46:42+00:00,64.31,2026-06-24T18:46:42+00:00
INT-0016,Zinc (zinc picolinate),supplement,treatment,Zinc deficiency / elevated copper:zinc ratio in autism subset; supplementation normalizes ratio.,20-30 mg/day,10,otc,yes,60.61,2026-06-24T18:46:42+00:00,active,,2026-04-24T17:07:31+00:00,2026-06-24T18:46:42+00:00,,metallothionein; copper:zinc balance,21461562,,76.8,2026-04-24T13:11:52.804324+00:00,66.86,2026-06-24T18:46:42+00:00,49.47,2026-06-24T18:46:42+00:00
INT-0017,Pyridoxal-5-phosphate (active B6),supplement,treatment,"Active B6; cofactor for serotonin, GABA, dopamine; classic Rimland B6+Mg protocol.",10-50 mg/day pediatric,15,otc,yes,47.71,2026-06-24T18:46:42+00:00,active,,2026-04-24T17:07:31+00:00,2026-06-24T18:46:42+00:00,,neurotransmitter synthesis; methylation,16494552,,69.4,2026-04-24T13:11:52.804324+00:00,61.88,2026-06-24T18:46:42+00:00,49.53,2026-06-24T18:46:42+00:00
INT-0018,Trimethylglycine (TMG / betaine),supplement,treatment,Methyl donor for homocysteine remethylation.,500-1500 mg/day,20,otc,yes,31.54,2026-06-24T18:46:42+00:00,active,,2026-04-24T17:07:31+00:00,2026-06-24T18:46:42+00:00,,methylation; homocysteine,,,14.2,2026-04-24T13:11:52.804324+00:00,48.72,2026-06-24T18:46:42+00:00,35.63,2026-06-24T18:46:42+00:00
INT-0019,S-adenosylmethionine (SAMe),supplement,treatment,Universal methyl donor for low-SAMe phenotypes.,200-800 mg/day,60,otc,uncertain,28.06,2026-06-24T18:46:42+00:00,active,,2026-04-24T17:07:31+00:00,2026-06-24T18:46:42+00:00,,methylation; SAM/SAH ratio,,,13.3,2026-04-24T13:11:52.804324+00:00,41.92,2026-06-24T18:46:42+00:00,33.31,2026-06-24T18:46:42+00:00
INT-0020,Glutathione (liposomal or precursors),supplement,treatment,Master antioxidant; depletion documented in autism.,200-500 mg/day,40,otc,yes,51.97,2026-06-24T18:46:42+00:00,active,,2026-04-24T17:07:31+00:00,2026-06-24T18:46:42+00:00,,oxidative stress; redox,,,54.1,2026-04-24T13:11:52.804324+00:00,64.18,2026-06-24T18:46:42+00:00,53.33,2026-06-24T18:46:42+00:00
INT-0021,Lithium orotate (low-dose),supplement,treatment,Sub-clinical lithium modulates GSK-3beta; some open-label autism reports.,5-20 mg/day,15,otc,uncertain,26.72,2026-06-24T18:46:42+00:00,active,,2026-04-24T17:07:31+00:00,2026-06-24T18:46:42+00:00,,GSK-3beta; BDNF,,,11.3,2026-04-24T13:11:52.804324+00:00,39.27,2026-06-24T18:46:42+00:00,25.05,2026-06-24T18:46:42+00:00
INT-0022,Inositol (myo-inositol),supplement,treatment,Involved in serotonin/dopamine signaling; small studies in OCD and autism repetitive behaviors.,1-4 g/day,20,otc,yes,43.04,2026-06-24T18:46:42+00:00,active,,2026-04-24T17:07:31+00:00,2026-06-24T18:46:42+00:00,,phosphoinositide signaling,,,64.6,2026-04-24T13:11:52.804324+00:00,56.55,2026-06-24T18:46:42+00:00,35.12,2026-06-24T18:46:42+00:00
INT-0023,Taurine,supplement,treatment,Inhibitory neuromodulator; supports GABA tone.,500-2000 mg/day,12,otc,yes,50.13,2026-06-24T18:46:42+00:00,active,,2026-04-24T17:07:31+00:00,2026-06-24T18:46:42+00:00,,GABA; calcium homeostasis,,,73.6,2026-04-24T13:11:52.804324+00:00,64.53,2026-06-24T18:46:42+00:00,50.49,2026-06-24T18:46:42+00:00
INT-0024,Glycine,supplement,treatment,Improves sleep; precursor to glutathione.,1-3 g/day,8,otc,yes,52.56,2026-06-24T18:46:42+00:00,active,,2026-04-24T17:07:31+00:00,2026-06-24T18:46:42+00:00,,NMDA co-agonist; glutathione precursor,,,66.7,2026-04-24T13:11:52.804324+00:00,62.94,2026-06-24T18:46:42+00:00,47.71,2026-06-24T18:46:42+00:00
INT-0025,Probiotics (multi-strain),supplement,treatment,Specific strains (Visbiome) modulate autism gut microbiome.,varies,50,otc,yes,72.04,2026-06-24T18:46:42+00:00,active,,2026-04-24T17:07:31+00:00,2026-06-24T18:46:42+00:00,,gut microbiome,29282296,,71.1,2026-04-24T13:11:52.804324+00:00,76.00,2026-06-24T18:46:42+00:00,71.66,2026-06-24T18:46:42+00:00
INT-0026,Berberine,supplement,treatment,Activates AMPK; modulates microbiome; emerging interest.,500-1500 mg/day,25,otc,uncertain,29.94,2026-06-24T18:46:42+00:00,active,,2026-04-24T17:07:31+00:00,2026-06-24T18:46:42+00:00,,AMPK; gut microbiome,,,10.8,2026-04-24T13:11:52.804324+00:00,44.54,2026-06-24T18:46:42+00:00,35.57,2026-06-24T18:46:42+00:00
INT-0027,Curcumin (high-bioavailability),supplement,treatment,Crosses BBB in bioavailable forms; modulates microglial activation.,500-1500 mg/day,30,otc,yes,51.36,2026-06-24T18:46:42+00:00,active,,2026-04-24T17:07:31+00:00,2026-06-24T18:46:42+00:00,,NF-kB; neuroinflammation; BDNF,,,73.8,2026-04-24T13:11:52.804324+00:00,63.41,2026-06-24T18:46:42+00:00,53.32,2026-06-24T18:46:42+00:00
INT-0028,Resveratrol,supplement,treatment,SIRT1 activator; mitochondrial biogenesis.,100-500 mg/day,25,otc,yes,51.84,2026-06-24T18:46:42+00:00,active,,2026-04-24T17:07:31+00:00,2026-06-24T18:46:42+00:00,,SIRT1; mTOR,,,70.5,2026-04-24T13:11:52.804324+00:00,65.37,2026-06-24T18:46:42+00:00,53.43,2026-06-24T18:46:42+00:00
INT-0029,Quercetin,supplement,treatment,Mast cell stabilizer; relevant for autism + MCAS subset.,500-1500 mg/day,20,otc,yes,52.28,2026-06-24T18:46:42+00:00,active,,2026-04-24T17:07:31+00:00,2026-06-24T18:46:42+00:00,,mast cells; histamine,,,65.9,2026-04-24T13:11:52.804324+00:00,65.66,2026-06-24T18:46:42+00:00,54.02,2026-06-24T18:46:42+00:00
INT-0030,Choline (CDP-choline / Alpha-GPC),supplement,treatment,Methyl donor; preconception/prenatal choline reduces neurodevelopmental risk.,250-1000 mg/day,25,otc,yes,63.90,2026-06-24T18:46:42+00:00,active,,2026-04-24T17:07:31+00:00,2026-06-24T18:46:42+00:00,,acetylcholine; methylation,,,84.6,2026-04-24T13:11:52.804324+00:00,73.03,2026-06-24T18:46:42+00:00,63.20,2026-06-24T18:46:42+00:00
INT-0031,Bacopa monnieri,herb,treatment,Adaptogen; pediatric ADHD trials show cognitive improvement.,300-600 mg/day,20,otc,yes,43.59,2026-06-24T18:46:42+00:00,active,,2026-04-24T17:07:31+00:00,2026-06-24T18:46:42+00:00,,BDNF; cholinergic,,,35.4,2026-04-24T13:11:52.804324+00:00,59.15,2026-06-24T18:46:42+00:00,44.49,2026-06-24T18:46:42+00:00
INT-0032,Ashwagandha,herb,treatment,Adaptogen; reduces cortisol and anxiety.,300-600 mg/day,18,otc,uncertain,27.76,2026-06-24T18:46:42+00:00,active,,2026-04-24T17:07:31+00:00,2026-06-24T18:46:42+00:00,,GABA; cortisol; HPA axis,,,10.3,2026-04-24T13:11:52.804324+00:00,43.08,2026-06-24T18:46:42+00:00,32.67,2026-06-24T18:46:42+00:00
INT-0033,Lion's mane (Hericium erinaceus),herb,treatment,Stimulates NGF synthesis; mechanistic plausibility for neurodevelopment.,500-3000 mg/day,30,otc,yes,28.62,2026-06-24T18:46:42+00:00,active,,2026-04-24T17:07:31+00:00,2026-06-24T18:46:42+00:00,,NGF; BDNF,,,10.7,2026-04-24T13:11:52.804324+00:00,45.19,2026-06-24T18:46:42+00:00,32.11,2026-06-24T18:46:42+00:00
INT-0034,Saffron,herb,treatment,RCTs show comparable efficacy to methylphenidate in pediatric ADHD.,30 mg/day standardized,25,otc,yes,46.09,2026-06-24T18:46:42+00:00,active,,2026-04-24T17:07:31+00:00,2026-06-24T18:46:42+00:00,,serotonin; dopamine,30852141,,34.5,2026-04-24T13:11:52.804324+00:00,61.65,2026-06-24T18:46:42+00:00,45.99,2026-06-24T18:46:42+00:00
INT-0035,Cannabidiol (CBD),herb,treatment,Multiple small autism trials show behavior and seizure improvements.,1-5 mg/kg/day,100,otc,uncertain,49.45,2026-06-24T18:46:42+00:00,active,,2026-04-24T17:07:31+00:00,2026-06-24T18:46:42+00:00,,endocannabinoid system; GABA,32514691,,71.5,2026-04-24T13:11:52.804324+00:00,56.90,2026-06-24T18:46:42+00:00,52.03,2026-06-24T18:46:42+00:00
INT-0036,Rapamycin (sirolimus),drug,treatment,FDA-approved for TSC; off-label in autism + mTOR variants.,0.5-2 mg twice weekly,200,rx,uncertain,67.05,2026-06-24T18:46:42+00:00,active,,2026-04-24T17:07:31+00:00,2026-06-24T18:46:42+00:00,,mTOR pathway,,,69.2,2026-04-24T13:11:52.804324+00:00,65.31,2026-06-24T18:46:42+00:00,68.87,2026-06-24T18:46:42+00:00
INT-0037,Metformin,drug,treatment,Activates AMPK; modulates microbiome.,500-1000 mg/day,8,rx,uncertain,62.40,2026-06-24T18:46:42+00:00,active,,2026-04-24T17:07:31+00:00,2026-06-24T18:46:42+00:00,,AMPK; gut microbiome,,,71.8,2026-04-24T13:11:52.804324+00:00,67.99,2026-06-24T18:46:42+00:00,63.55,2026-06-24T18:46:42+00:00
INT-0038,Memantine,drug,treatment,NMDA modulator; mixed RCT results.,5-20 mg/day,30,rx,uncertain,47.33,2026-06-24T18:46:42+00:00,active,,2026-04-24T17:07:31+00:00,2026-06-24T18:46:42+00:00,,NMDA receptor antagonist,23253334,,62.2,2026-04-24T13:11:52.804324+00:00,57.34,2026-06-24T18:46:42+00:00,49.95,2026-06-24T18:46:42+00:00
INT-0039,Riluzole,drug,treatment,Glutamate modulator; FDA for ALS; small autism trials.,50-200 mg/day,200,rx,uncertain,25.90,2026-06-24T18:46:42+00:00,active,,2026-04-24T17:07:31+00:00,2026-06-24T18:46:42+00:00,,glutamate; sodium channels,,,10.1,2026-04-24T13:11:52.804324+00:00,36.99,2026-06-24T18:46:42+00:00,31.43,2026-06-24T18:46:42+00:00
INT-0040,D-cycloserine,drug,treatment,NMDA partial agonist; small trials for autism social cognition.,50 mg weekly,80,rx,uncertain,27.82,2026-06-24T18:46:42+00:00,active,,2026-04-24T17:07:31+00:00,2026-06-24T18:46:42+00:00,,NMDA glycine site,,,8.9,2026-04-24T13:11:52.804324+00:00,38.27,2026-06-24T18:46:42+00:00,33.98,2026-06-24T18:46:42+00:00
INT-0041,GFCF diet,food,treatment,Eliminates gluten and dairy; mixed RCT results overall but responsive subset.,diet protocol,0,lifestyle,yes,51.46,2026-06-24T18:46:42+00:00,active,,2026-04-24T17:07:31+00:00,2026-06-24T18:46:42+00:00,,opioid peptides; intestinal permeability,23829541,,69.7,2026-04-24T13:11:52.804324+00:00,66.31,2026-06-24T18:46:42+00:00,54.12,2026-06-24T18:46:42+00:00
INT-0042,GAPS diet,food,treatment,Multi-stage healing diet; anecdotal autism community endorsement.,diet protocol,0,lifestyle,uncertain,46.78,2026-06-24T18:46:42+00:00,active,,2026-04-24T17:07:31+00:00,2026-06-24T18:46:42+00:00,,gut healing; microbiome,,,62.2,2026-04-24T13:11:52.804324+00:00,59.04,2026-06-24T18:46:42+00:00,49.77,2026-06-24T18:46:42+00:00
INT-0043,Low-glutamate diet,food,treatment,Reduces excitatory load; small case series.,diet protocol,0,lifestyle,yes,31.14,2026-06-24T18:46:42+00:00,active,,2026-04-24T17:07:31+00:00,2026-06-24T18:46:42+00:00,,MSG; free glutamate; excitotoxicity,,,11.1,2026-04-24T13:11:52.804324+00:00,49.21,2026-06-24T18:46:42+00:00,34.91,2026-06-24T18:46:42+00:00
INT-0044,Cruciferous vegetable-rich diet,food,treatment,Whole-food source of sulforaphane and indole-3-carbinol.,>=3 servings/week,0,lifestyle,yes,33.55,2026-06-24T18:46:42+00:00,active,,2026-04-24T17:07:31+00:00,2026-06-24T18:46:42+00:00,,sulforaphane; NRF2; detox,,,12.1,2026-04-24T13:11:52.804324+00:00,50.82,2026-06-24T18:46:42+00:00,38.14,2026-06-24T18:46:42+00:00
INT-0045,Low-oxalate diet,food,treatment,Eliminates high-oxalate foods; controversial.,diet protocol,0,lifestyle,uncertain,30.09,2026-06-24T18:46:42+00:00,active,,2026-04-24T17:07:31+00:00,2026-06-24T18:46:42+00:00,,oxalate; mitochondrial,,,8.8,2026-04-24T13:11:52.804324+00:00,45.30,2026-06-24T18:46:42+00:00,35.66,2026-06-24T18:46:42+00:00
INT-0046,Sleep architecture optimization + melatonin,lifestyle,treatment,Sleep disturbance prevalent; structured sleep hygiene + melatonin (0.5-3 mg) improves daytime function.,behavioral + 0.5-3 mg melatonin,5,lifestyle,yes,61.91,2026-06-24T18:46:42+00:00,active,,2026-04-24T17:07:31+00:00,2026-06-24T18:46:42+00:00,,circadian rhythm; melatonin,,,72.6,2026-04-24T13:11:52.804324+00:00,67.97,2026-06-24T18:46:42+00:00,50.41,2026-06-24T18:46:42+00:00
INT-0047,Aerobic exercise (structured),lifestyle,treatment,"Increases BDNF, reduces neuroinflammation; small autism RCTs positive.","30-60 min, 3-5x/week",0,lifestyle,yes,67.27,2026-06-24T18:46:42+00:00,active,,2026-04-24T17:07:31+00:00,2026-06-24T18:46:42+00:00,,BDNF; neuroinflammation,,,64.5,2026-04-24T13:11:52.804324+00:00,75.50,2026-06-24T18:46:42+00:00,67.53,2026-06-24T18:46:42+00:00
INT-0048,Sauna / heat therapy,lifestyle,treatment,Activates HSPs; supports detoxification.,"15-30 min, 2-4x/week",50,lifestyle,uncertain,51.98,2026-06-24T18:46:42+00:00,active,,2026-04-24T17:07:31+00:00,2026-06-24T18:46:42+00:00,,heat shock proteins; detox,,,8.7,2026-04-24T13:11:52.804324+00:00,58.40,2026-06-24T18:46:42+00:00,55.23,2026-06-24T18:46:42+00:00
INT-0049,Sunlight exposure,lifestyle,treatment,Vitamin D synthesis + circadian entrainment.,10-30 min midday,0,lifestyle,yes,29.48,2026-06-24T18:46:42+00:00,active,,2026-04-24T17:07:31+00:00,2026-06-24T18:46:42+00:00,,UVB; vitamin D; circadian,,,11.2,2026-04-24T13:11:52.804324+00:00,44.99,2026-06-24T18:46:42+00:00,26.48,2026-06-24T18:46:42+00:00
INT-0050,EMF reduction (bedroom),lifestyle,cause_mitigation,Removes wifi/cell from bedroom; mechanism via oxidative stress and circadian.,behavioral,0,lifestyle,yes,36.74,2026-06-24T18:46:42+00:00,active,,2026-04-24T17:07:31+00:00,2026-06-24T18:46:42+00:00,,electromagnetic field; oxidative stress,,,10.7,2026-04-24T13:11:52.804324+00:00,52.75,2026-06-24T18:46:42+00:00,41.04,2026-06-24T18:46:42+00:00
INT-0051,HEPA air filtration,environmental,cause_mitigation,Reduces airborne pollutants; relevant given air-pollution-autism associations.,$100-300 + filter changes,15,otc,yes,30.01,2026-06-24T18:46:42+00:00,active,,2026-04-24T17:07:31+00:00,2026-06-24T18:46:42+00:00,,PM2.5; VOCs; mold,,,12.3,2026-04-24T13:11:52.804324+00:00,43.99,2026-06-24T18:46:42+00:00,23.21,2026-06-24T18:46:42+00:00
INT-0052,Glass / stainless replacement of plastic,environmental,cause_mitigation,Removes major exposure pathway for endocrine disruptors.,$50-200 one-time,0,lifestyle,yes,32.82,2026-06-24T18:46:42+00:00,active,,2026-04-24T17:07:31+00:00,2026-06-24T18:46:42+00:00,,BPA; phthalates,,,10.0,2026-04-24T13:11:52.804324+00:00,46.46,2026-06-24T18:46:42+00:00,25.70,2026-06-24T18:46:42+00:00
INT-0053,Organic produce,environmental,cause_mitigation,Reduces glyphosate and pesticide exposure.,ongoing,100,lifestyle,yes,20.86,2026-06-24T18:46:42+00:00,active,,2026-04-24T17:07:31+00:00,2026-06-24T18:46:42+00:00,,glyphosate; pesticide residue,,,9.6,2026-04-24T13:11:52.804324+00:00,33.30,2026-06-24T18:46:42+00:00,15.38,2026-06-24T18:46:42+00:00
INT-0054,Mold remediation,environmental,cause_mitigation,Hidden mold linked to immune dysregulation.,$500-5000 one-time,0,lifestyle,yes,23.14,2026-06-24T18:46:42+00:00,active,,2026-04-24T17:07:31+00:00,2026-06-24T18:46:42+00:00,,mycotoxins; immune dysregulation,,,9.6,2026-04-24T13:11:52.804324+00:00,40.60,2026-06-24T18:46:42+00:00,16.90,2026-06-24T18:46:42+00:00
INT-0055,Mitochondrial cocktail (CoQ10+L-carnitine+B-complex),combo,treatment,Standard mitochondrial cocktail; targets multiple complexes.,per components,80,otc,yes,43.65,2026-06-24T18:46:42+00:00,active,,2026-04-24T17:07:31+00:00,2026-06-24T18:46:42+00:00,,mitochondrial bioenergetics,,INT-0011;INT-0012,11.4,2026-04-24T13:11:52.804324+00:00,55.68,2026-06-24T18:46:42+00:00,46.78,2026-06-24T18:46:42+00:00
INT-0056,Gut healing combo (GFCF + L-glutamine + probiotics),combo,treatment,Targets gut-brain axis comprehensively.,per components,100,lifestyle,yes,31.88,2026-06-24T18:46:42+00:00,active,,2026-04-24T17:07:31+00:00,2026-06-24T18:46:42+00:00,,gut-brain axis,,INT-0025;INT-0041,9.9,2026-04-24T13:11:52.804324+00:00,45.75,2026-06-24T18:46:42+00:00,37.10,2026-06-24T18:46:42+00:00
INT-0057,Anti-inflammatory combo (sulforaphane + omega-3 + vitamin D),combo,treatment,Three independent anti-inflammatory mechanisms.,per components,70,otc,yes,34.20,2026-06-24T18:46:42+00:00,active,,2026-04-24T17:07:31+00:00,2026-06-24T18:46:42+00:00,,neuroinflammation,,INT-0002;INT-0013;INT-0014,10.1,2026-04-24T13:11:52.804324+00:00,50.75,2026-06-24T18:46:42+00:00,39.22,2026-06-24T18:46:42+00:00
INT-0058,Preconception methylation panel + targeted nutrient repletion,supplement,prevention,Test parental methylation status; replete deficiencies before conception.,$100-200 test + repletion,30,otc,yes,30.97,2026-06-24T18:46:42+00:00,active,,2026-04-24T17:07:31+00:00,2026-06-24T18:46:42+00:00,,MTHFR; methylation,,,17.9,2026-04-24T13:11:52.804324+00:00,46.76,2026-06-24T18:46:42+00:00,35.24,2026-06-24T18:46:42+00:00
INT-0059,Vaginal microbiome seeding at C-section,lifestyle,prevention,Vaginal swab transfer to C-section infant; controversial.,,0,lifestyle,uncertain,33.69,2026-06-24T18:46:42+00:00,active,,2026-04-24T17:07:31+00:00,2026-06-24T18:46:42+00:00,,infant microbiome,,,9.2,2026-04-24T13:11:52.804324+00:00,47.47,2026-06-24T18:46:42+00:00,38.87,2026-06-24T18:46:42+00:00
INT-0060,Extended exclusive breastfeeding (>=6mo),lifestyle,prevention,Human milk oligosaccharides shape infant microbiome.,,0,lifestyle,yes,33.16,2026-06-24T18:46:42+00:00,active,,2026-04-24T17:07:31+00:00,2026-06-24T18:46:42+00:00,,infant microbiome; HMOs,,,11.4,2026-04-24T13:11:52.804324+00:00,50.56,2026-06-24T18:46:42+00:00,37.62,2026-06-24T18:46:42+00:00
INT-0061,Intranasal oxytocin,drug,treatment,Synthetic oxytocin delivered intranasally; modulates social cognition via amygdala/PFC. Acute and chronic dosing studied.,"16-32 IU/dose, 1-2x daily",200,rx,uncertain,53.74,2026-06-24T18:46:42+00:00,active,,2026-04-27T21:14:42+00:00,2026-06-24T18:46:42+00:00,Parker 2017 RCT positive in subset.,,,,,,53.96,2026-06-24T18:46:42+00:00,57.25,2026-06-24T18:46:42+00:00
INT-0062,BPC-157 (peptide),supplement,treatment,Pentadecapeptide derived from gastric BPC; preclinical anti-inflammatory and gut-protective effects. No autism RCT.,200-500 mcg/day SC or oral,80,otc,uncertain,31.45,2026-06-24T18:46:42+00:00,active,,2026-04-27T21:14:42+00:00,2026-06-24T18:46:42+00:00,"Speculative; preclinical strong, clinical absent in autism.",,,,,,41.24,2026-06-24T18:46:42+00:00,38.44,2026-06-24T18:46:42+00:00
INT-0063,Selank (peptide),supplement,treatment,Synthetic analog of tuftsin; anxiolytic and nootropic in animal models. Russian human studies show anxiolytic effect.,300-900 mcg intranasal/day,70,otc,uncertain,28.98,2026-06-24T18:46:42+00:00,active,,2026-04-27T21:14:42+00:00,2026-06-24T18:46:42+00:00,Speculative.,,,,,,42.53,2026-06-24T18:46:42+00:00,34.53,2026-06-24T18:46:42+00:00
INT-0064,Semax (peptide),supplement,treatment,ACTH(4-10) analog; nootropic and BDNF-promoting in animal models. No autism trials.,400-1200 mcg intranasal/day,70,otc,uncertain,27.75,2026-06-24T18:46:42+00:00,active,,2026-04-27T21:14:42+00:00,2026-06-24T18:46:42+00:00,Speculative.,,,,,,41.71,2026-06-24T18:46:42+00:00,32.88,2026-06-24T18:46:42+00:00
INT-0065,Cerebrolysin,drug,treatment,Porcine brain-derived peptide mixture; trophic effects via neurotrophins. Used off-label in some pediatric autism protocols (Eastern Europe).,"1-5 mL IM, courses of 10-20 doses",300,rx,uncertain,61.26,2026-06-24T18:46:42+00:00,active,,2026-04-27T21:14:42+00:00,2026-06-24T18:46:42+00:00,Pediatric autism trials small; off-label use widespread outside US.,,,,,,55.99,2026-06-24T18:46:42+00:00,64.11,2026-06-24T18:46:42+00:00
INT-0066,Iodine (potassium iodide / kelp),supplement,prevention,Iodine repletion to support thyroid hormone synthesis during pregnancy and lactation; preventable cause of neurodevelopmental impairment.,150-220 mcg/day prenatal; 90 mcg child,8,otc,yes,43.17,2026-06-24T18:46:42+00:00,active,,2026-04-27T21:14:42+00:00,2026-06-24T18:46:42+00:00,WHO recommends universal salt iodization.,,,,,,55.71,2026-06-24T18:46:42+00:00,45.76,2026-06-24T18:46:42+00:00
INT-0067,Selenium (selenomethionine),supplement,treatment,Cofactor for glutathione peroxidase; antioxidant support and thyroid hormone deiodination.,55-200 mcg/day,12,otc,yes,38.49,2026-06-24T18:46:42+00:00,active,,2026-04-27T21:14:42+00:00,2026-06-24T18:46:42+00:00,Narrow therapeutic window; high doses toxic.,,,,,,53.16,2026-06-24T18:46:42+00:00,43.54,2026-06-24T18:46:42+00:00
INT-0068,NAD+ precursors (NMN / NR),supplement,treatment,"Nicotinamide mononucleotide / riboside; raise cellular NAD+. Activate sirtuins, support mitochondrial function. No autism RCT; promising aging biomarkers.",250-1000 mg/day,60,otc,uncertain,44.32,2026-06-24T18:46:42+00:00,active,,2026-04-27T21:14:42+00:00,2026-06-24T18:46:42+00:00,Emerging area. Regulatory note: FDA reclassified NMN as drug for NDI purposes (2022); NR remains as supplement.,,,,,,51.82,2026-06-24T18:46:42+00:00,50.05,2026-06-24T18:46:42+00:00
INT-0069,Pregnenolone (low-dose),supplement,treatment,"Master neurosteroid; precursor for cortisol, DHEA, allopregnanolone. Small studies in autism for irritability.",10-30 mg/day,25,otc,uncertain,45.89,2026-06-24T18:46:42+00:00,active,,2026-04-27T21:14:42+00:00,2026-06-24T18:46:42+00:00,Hormone — caution in children.,,,,,,54.05,2026-06-24T18:46:42+00:00,48.99,2026-06-24T18:46:42+00:00
INT-0070,Levothyroxine (T4) replacement,drug,treatment,Standard thyroid hormone replacement; restores fetal/childhood thyroid hormone in confirmed hypothyroidism.,1.6 mcg/kg/day adult; pediatric weight-based,15,rx,yes,42.06,2026-06-24T18:46:42+00:00,active,,2026-04-27T21:14:42+00:00,2026-06-24T18:46:42+00:00,Only when hypothyroidism documented.,,,,,,53.85,2026-06-24T18:46:42+00:00,45.02,2026-06-24T18:46:42+00:00
INT-0071,Vagal nerve stimulation (transcutaneous),lifestyle,treatment,"tVNS via auricular branch; activates cholinergic anti-inflammatory pathway, modulates gut-brain axis.","20-30 min/day, low-intensity",150,otc,uncertain,52.20,2026-06-24T18:46:42+00:00,active,,2026-04-27T21:14:42+00:00,2026-06-24T18:46:42+00:00,Devices like Nurosym widely available.,,,,,,53.66,2026-06-24T18:46:42+00:00,57.81,2026-06-24T18:46:42+00:00
INT-0072,Screen time reduction (structured),lifestyle,prevention,Limiting screen exposure in 0-3y per AAP guidelines; preserve social interaction windows.,<1h/day age 2-5; none under 2 (AAP),0,lifestyle,yes,43.09,2026-06-24T18:46:42+00:00,active,,2026-04-27T21:14:42+00:00,2026-06-24T18:46:42+00:00,Free; low risk.,,,,,,56.47,2026-06-24T18:46:42+00:00,45.93,2026-06-24T18:46:42+00:00
INT-0073,Cold exposure / cold plunge,lifestyle,treatment,"Brief cold immersion increases norepinephrine, dopamine, vagal tone; emerging interest for behavioral regulation.","1-3 min ~50-60°F water, 1-3x/week",0,lifestyle,uncertain,51.13,2026-06-24T18:46:42+00:00,active,,2026-04-27T21:14:42+00:00,2026-06-24T18:46:42+00:00,Anecdotal in autism; mainstream cold exposure literature supports HRV/mood benefits.,,,,,,58.13,2026-06-24T18:46:42+00:00,55.38,2026-06-24T18:46:42+00:00
INT-0074,Breathwork / vagal toning practices,lifestyle,treatment,"Slow diaphragmatic breathing, box breathing, humming; raises HRV and parasympathetic tone. Polyvagal-informed therapy.",10-20 min/day,0,lifestyle,yes,55.39,2026-06-24T18:46:42+00:00,active,,2026-04-27T21:14:42+00:00,2026-06-24T18:46:42+00:00,Free; safe.,,,,,,63.95,2026-06-24T18:46:42+00:00,58.95,2026-06-24T18:46:42+00:00
INT-0075,MBSR / stress reduction (parent + child),lifestyle,treatment,"Mindfulness-based stress reduction for both parents and children with autism; reduces cortisol, improves family dynamics.",8-week program standard,200,lifestyle,yes,48.14,2026-06-24T18:46:42+00:00,active,,2026-04-27T21:14:42+00:00,2026-06-24T18:46:42+00:00,Indirect benefit on child via parent regulation.,,,,,,53.57,2026-06-24T18:46:42+00:00,50.77,2026-06-24T18:46:42+00:00
INT-0076,Fecal microbiota transplantation (FMT),drug,treatment,Whole microbiota transfer from healthy donor (often familial). Kang 2017 open-label MTT showed sustained 45% reduction in ASD symptoms 2 years post; Hazan 2024 familial sibling FMT case report showed nonverbal → verbal emergence with Bifidobacterium restoration.,Single 300 mL infusion or multi-dose over 8 weeks,5000,rx,uncertain,69.67,2026-06-24T18:46:42+00:00,active,,2026-04-27T21:33:28+00:00,2026-06-24T18:46:42+00:00,Kang 2017+2019 sustained outcomes; Hazan 2024.,,,,,,64.65,2026-06-24T18:46:42+00:00,71.79,2026-06-24T18:46:42+00:00
INT-0077,Bifidobacterium infantis / longum probiotic,supplement,treatment,Strain-specific probiotic targeting documented Bifidobacterium depletion in autism. B. infantis 35624 (Align) and B. longum BB536 most-studied.,10-20 billion CFU/day,35,otc,yes,61.78,2026-06-24T18:46:42+00:00,active,,2026-04-27T21:33:28+00:00,2026-06-24T18:46:42+00:00,More targeted than multi-strain INT-0025.,,,,,,67.45,2026-06-24T18:46:42+00:00,63.68,2026-06-24T18:46:42+00:00
INT-0078,Lactobacillus rhamnosus GG,supplement,treatment,"Most-studied probiotic strain; produces GABA, modulates immune tone, reduces intestinal permeability. Some autism RCTs positive.",10 billion CFU/day,25,otc,yes,63.65,2026-06-24T18:46:42+00:00,active,,2026-04-27T21:33:28+00:00,2026-06-24T18:46:42+00:00,"Parracho 2010, Santocchi 2020.",,,,,,70.19,2026-06-24T18:46:42+00:00,65.23,2026-06-24T18:46:42+00:00
INT-0079,Saccharomyces boulardii (yeast probiotic),supplement,treatment,Non-colonizing yeast probiotic; antagonist to Candida and C. difficile. Used in functional autism protocols for fungal dysbiosis.,5-10 billion CFU/day,20,otc,yes,35.32,2026-06-24T18:46:42+00:00,active,,2026-04-27T21:33:28+00:00,2026-06-24T18:46:42+00:00,Parker 2018.,,,,,,51.01,2026-06-24T18:46:42+00:00,39.08,2026-06-24T18:46:42+00:00
INT-0080,Akkermansia muciniphila (live),supplement,treatment,Mucin-degrading commensal that paradoxically thickens the mucin layer; modulates metabolism and BBB integrity. Pasteurized form FDA novel-food approved.,10^9 CFU/day,60,otc,uncertain,45.53,2026-06-24T18:46:42+00:00,active,,2026-04-27T21:33:28+00:00,2026-06-24T18:46:42+00:00,Newly available; emerging interest.,,,,,,52.51,2026-06-24T18:46:42+00:00,49.21,2026-06-24T18:46:42+00:00
INT-0081,Human milk oligosaccharides (HMOs),supplement,prevention,2'-fucosyllactose (2'-FL) and lacto-N-neotetraose (LNnT); Bifidobacterium-specific prebiotic. Selectively expand Bifidobacteria; restore infant-like gut.,1-3 g/day,35,otc,yes,55.68,2026-06-24T18:46:42+00:00,active,,2026-04-27T21:33:28+00:00,2026-06-24T18:46:42+00:00,Infant formula fortification widespread.,,,,,,61.95,2026-06-24T18:46:42+00:00,59.18,2026-06-24T18:46:42+00:00
INT-0082,Galactooligosaccharides (GOS) / fructooligosaccharides (FOS),supplement,treatment,Prebiotic fibers that selectively feed Bifidobacterium and Faecalibacterium; raise SCFA production.,5-10 g/day,15,otc,yes,56.60,2026-06-24T18:46:42+00:00,active,,2026-04-27T21:33:28+00:00,2026-06-24T18:46:42+00:00,Grimaldi 2018 RCT positive in ASD.,,,,,,63.90,2026-06-24T18:46:42+00:00,60.05,2026-06-24T18:46:42+00:00
INT-0083,Sodium butyrate (postbiotic),supplement,treatment,"Direct delivery of butyrate; bypasses fermentation. HDAC inhibitor, T-reg promoter, BBB protector. Autism animal models positive.",150-450 mg/day,25,otc,uncertain,46.65,2026-06-24T18:46:42+00:00,active,,2026-04-27T21:33:28+00:00,2026-06-24T18:46:42+00:00,Animal models stronger than human RCT base.,,,,,,54.73,2026-06-24T18:46:42+00:00,51.26,2026-06-24T18:46:42+00:00
INT-0084,"Vancomycin (oral, transient pre-FMT)",drug,cause_mitigation,Non-absorbed antibiotic used short-term to clear pathogenic Clostridia before FMT or microbiome reset. NOT systemic antibiotic — gut-only.,"125-500 mg 4x/day, 10-14 days",200,rx,uncertain,50.18,2026-06-24T18:46:42+00:00,active,,2026-04-27T21:33:28+00:00,2026-06-24T18:46:42+00:00,Sandler 2000 (transient improvement); Hazan 2024 pre-FMT.,,,,,,53.23,2026-06-24T18:46:42+00:00,52.23,2026-06-24T18:46:42+00:00
INT-0085,"Antifungal protocol (nystatin / fluconazole, targeted)",drug,treatment,Targeted antifungal therapy for documented Candida overgrowth in autism subset. Empirically used in functional medicine; controversial mainstream.,Per pediatric dosing,80,rx,uncertain,30.35,2026-06-24T18:46:42+00:00,active,,2026-04-27T21:33:28+00:00,2026-06-24T18:46:42+00:00,Less peer-reviewed; functional med tradition.,,,,,,39.72,2026-06-24T18:46:42+00:00,35.77,2026-06-24T18:46:42+00:00
INT-0086,Phospholipid DHA (krill oil / salmon roe),supplement,treatment,Phospholipid form of DHA; ~10x preferential brain accumulation vs triglyceride DHA. Patrick emphasizes for pregnancy/lactation and developmental windows. Werner 2011 demonstrated fold-higher brain DHA from phospholipid form.,500-2000 mg combined EPA+DHA in PL form/day,50,otc,yes,45.26,2026-06-24T18:46:42+00:00,active,,2026-04-27T21:44:33+00:00,2026-06-24T18:46:42+00:00,Distinct from INT-0014 standard fish oil.,,,,,,55.93,2026-06-24T18:46:42+00:00,47.47,2026-06-24T18:46:42+00:00
INT-0087,Tryptophan supplementation (with vitamin D),supplement,treatment,Patrick & Ames recommendation: tryptophan + vitamin D co-supplementation to support brain serotonin synthesis. Tryptophan crosses BBB via large neutral amino acid transporter; vitamin D upregulates TPH2 to use it.,500-2000 mg tryptophan + 2000 IU vit D /day,25,otc,uncertain,46.74,2026-06-24T18:46:42+00:00,active,,2026-04-27T21:44:33+00:00,2026-06-24T18:46:42+00:00,Speculative as autism intervention; mechanistic prior strong.,,,,,,54.42,2026-06-24T18:46:42+00:00,50.44,2026-06-24T18:46:42+00:00
INT-0088,Creatine monohydrate,supplement,treatment,"Methyl donor (via creatine synthesis cost), brain energy buffer via phosphocreatine, supports cognitive function. Methylation protocol component (with choline + glycine).",3-5 g/day,15,otc,yes,53.92,2026-06-24T18:46:42+00:00,active,,2026-04-27T21:44:33+00:00,2026-06-24T18:46:42+00:00,Robust safety; emerging cognitive evidence.,,,,,,62.49,2026-06-24T18:46:42+00:00,57.44,2026-06-24T18:46:42+00:00
INT-0089,Time-restricted eating / 16:8 fasting,lifestyle,treatment,"Daily eating window restriction (typically 8 hours). Activates AMPK, autophagy, metabolic flexibility. Less direct autism evidence; mechanistic prior via mTOR/AMPK axis.",16h fast / 8h eating window,0,lifestyle,uncertain,49.01,2026-06-24T18:46:42+00:00,active,,2026-04-27T21:44:33+00:00,2026-06-24T18:46:42+00:00,Pediatric application requires clinical caution.,,,,,,56.76,2026-06-24T18:46:42+00:00,52.87,2026-06-24T18:46:42+00:00
INT-0090,HIIT (high-intensity interval training),lifestyle,treatment,"High-intensity intervals produce more lactate (cf. Brooks lactate shuttle), driving more BDNF crossing BBB. Patrick + Gibala emphasize for cognitive/neuroplasticity benefit. Distinct from steady-state aerobic (INT-0047).","Tabata 4 min, or 4x4 min @ 90% HR_max, 2-3x/week",0,lifestyle,yes,49.33,2026-06-24T18:46:42+00:00,active,,2026-04-27T21:44:33+00:00,2026-06-24T18:46:42+00:00,Pediatric adaptation needed; very modifiable.,,,,,,60.48,2026-06-24T18:46:42+00:00,53.21,2026-06-24T18:46:42+00:00
INT-0091,Whole-body hyperthermia (clinical),drug,treatment,"Medically supervised raising of core body temperature to ~38.5°C. Activates HSF1/HSP70, modulates immune response. Investigational for autism per fever-effect rationale.","Single 90-min session, core temp 38.5°C",500,rx,uncertain,50.65,2026-06-24T18:46:42+00:00,active,,2026-04-27T21:44:33+00:00,2026-06-24T18:46:42+00:00,Distinct from home sauna (INT-0048); investigational.,,,,,,50.75,2026-06-24T18:46:42+00:00,55.30,2026-06-24T18:46:42+00:00
INT-0092,Hyperbaric oxygen therapy (HBOT),drug,treatment,"Pressurized oxygen (1.3-1.5 ATA) delivered via chamber. Hypothesized to address tissue hypoxia, reduce neuroinflammation, and modulate cerebral blood flow. Evidence mixed — Rossignol 2009 multicenter RCT (n=62) reported modest improvements, Granpeesheh 2010 trial null, meta-analyses suggest possible subset response.",40 sessions of 45-60 min @ 1.3 ATA,5000,rx,uncertain,60.44,2026-06-24T18:46:42+00:00,active,,2026-04-27T22:00:07+00:00,2026-06-24T18:46:42+00:00,"Genuinely contested; positive in subset, negative overall in some RCTs. Per spec §1.1 included with honest provenance.",,,,,,57.01,2026-06-24T18:46:42+00:00,64.68,2026-06-24T18:46:42+00:00
INT-0093,Alpha-lipoic acid (ALA),supplement,treatment,"Mitochondrial cofactor and antioxidant; regenerates glutathione, vitamin C, vitamin E. Crosses BBB. Used in mitochondrial cocktails for autism subset.",100-600 mg/day,20,otc,yes,63.34,2026-06-24T18:46:42+00:00,active,,2026-04-27T22:00:07+00:00,2026-06-24T18:46:42+00:00,Adams 2018 multivitamin RCT included ALA.,,,,,,69.86,2026-06-24T18:46:42+00:00,65.59,2026-06-24T18:46:42+00:00
INT-0094,D-ribose,supplement,treatment,"Pentose sugar; ATP synthesis substrate via 5-phosphoribosyl-1-pyrophosphate (PRPP). Used for mitochondrial bioenergetic support in fibromyalgia, cardiac, and autism subsets.",5-15 g/day divided,30,otc,yes,59.44,2026-06-24T18:46:42+00:00,active,,2026-04-27T22:00:07+00:00,2026-06-24T18:46:42+00:00,Limited autism RCT base; mitochondrial mechanism plausible.,,,,,,66.03,2026-06-24T18:46:42+00:00,61.55,2026-06-24T18:46:42+00:00
INT-0095,Niacinamide / nicotinamide,supplement,treatment,"Vitamin B3 form; NAD+ precursor (alternative to NMN/NR), PARP activity support, anti-inflammatory, mitochondrial biogenesis support.",250-1500 mg/day,12,otc,yes,53.92,2026-06-24T18:46:42+00:00,active,,2026-04-27T22:00:07+00:00,2026-06-24T18:46:42+00:00,Bridges with NAD+ precursors INT-0068.,,,,,,62.49,2026-06-24T18:46:42+00:00,57.44,2026-06-24T18:46:42+00:00
INT-0096,Preconception mitochondrial optimization combo (parental),combo,prevention,"Combined preconception protocol for both prospective parents (starting 3-6 months pre-conception): CoQ10 (ubiquinol) + L-carnitine + alpha-lipoic acid + B-complex methylated forms + omega-3 phospholipid DHA + magnesium + zinc + selenium + vitamin D3 + iodine. Targets mitochondrial DNA quality of ova/sperm, methylation capacity, antioxidant pool, and epigenetic programming during gametogenesis.","Per individual components, 3-6 months pre-conception",150,otc,yes,63.72,2026-06-24T18:46:42+00:00,active,,2026-04-27T22:00:07+00:00,2026-06-24T18:46:42+00:00,Combination first-class; targets HYP-0006 + HYP-0031 + HYP-0003 + HYP-0021 + HYP-0045 simultaneously.,,,,,,68.87,2026-06-24T18:46:42+00:00,65.98,2026-06-24T18:46:42+00:00
INT-0097,Red light / photobiomodulation therapy (635 nm),lifestyle,treatment,"Transcranial red laser (635 nm, 5 min, 2x/week, 4 weeks) applied at skull base/temples. Leisman 2018 double-blind RCT (n=21-22) showed ~50% reductions in irritability, lethargy/social withdrawal, stereotypic behavior, hyperactivity, and total ABC-C score vs. placebo LED, with gains persisting. Mechanism: photobiomodulation activates cytochrome c oxidase, boosts ATP, reduces neuroinflammation.","635 nm laser, 5 min @ skull base + temples, 2x/week, 4 weeks",200,otc,yes,53.85,2026-06-24T18:46:42+00:00,active,,2026-04-27T22:16:07+00:00,2026-06-24T18:46:42+00:00,Small but rigorous RCT; replication needed. Outdoctrination X clip referenced this study.,,,,,,57.18,2026-06-24T18:46:42+00:00,58.73,2026-06-24T18:46:42+00:00
INT-0098,"Vitamin A megadose (single 200,000 IU)",supplement,treatment,"Guo 2018 pilot showed single 200,000 IU vitamin A in vitamin-A-deficient ASD children reduced symptoms and lowered serum serotonin (peripheral hyperserotonemia is documented in autism). Mechanism: RAR/RXR signaling, gut-serotonin modulation. Liver/cod-liver-oil dietary equivalent safer long-term. NOT routine — only with documented deficiency and clinician supervision (vit A is hepatotoxic at high chronic doses).","Single 200,000 IU under clinician supervision, only if documented deficiency",30,rx,uncertain,43.26,2026-06-24T18:46:42+00:00,active,,2026-04-27T22:16:07+00:00,2026-06-24T18:46:42+00:00,Pilot evidence; caution required — vitamin A toxicity is real.,,,,,,50.49,2026-06-24T18:46:42+00:00,49.38,2026-06-24T18:46:42+00:00
INT-0099,Chelation therapy (DMSA / EDTA),drug,treatment,"Pharmacological chelation of heavy metals (mercury, lead, aluminum) with DMSA, DMPS, or EDTA. Adams 2009 small DMSA pilot showed urinary metal output but mixed clinical effect. James 2015 Cochrane review concluded INSUFFICIENT EVIDENCE of benefit on core ASD symptoms and documented significant risks including renal injury and death (one fatal hypocalcemia case from disodium-EDTA confusion in 2005). AAP and FDA warn against chelation for ASD outside proven heavy-metal poisoning. Per spec §1.1 added with negative-tilting evidence; NOT recommended.",DMSA 10 mg/kg/dose protocols studied; NOT recommended,400,rx,no,52.16,2026-06-24T18:46:42+00:00,active,,2026-04-27T22:16:07+00:00,2026-06-24T18:46:42+00:00,James 2015 Cochrane: insufficient evidence + harm. Pediatric_safe=no due to documented fatalities. Status active for tracking; effective use is contraindicated outside true heavy-metal poisoning.,,,,,,47.09,2026-06-24T18:46:42+00:00,58.48,2026-06-24T18:46:42+00:00
INT-0100,Cod liver oil (fermented preferred),supplement,prevention,Traditional whole-food source of vitamin D3 + DHA/EPA omega-3 + vitamin A (retinol) + (in fermented form) vitamin K2. Hits multiple convergent pathways: vitamin D → TPH2 / brain serotonin synthesis (MEC-0029); DHA → membrane phospholipid composition (MEC-0031); vitamin A → developmental morphogenesis. Pre-conception and pregnancy use historically associated with lower neurodevelopmental issues in offspring (Norwegian MoBa cohort).,1 tsp/day (≈1g) standard; fermented cod liver oil 0.5-1 tsp/day per Weston A. Price Foundation; vitamin A content ~3000-10000 IU varies by product,20,otc,yes,53.43,2026-06-24T18:46:42+00:00,active,,2026-04-28T14:50:45+00:00,2026-06-24T18:46:42+00:00,Whole-food traditional supplement covering 3-4 high-leverage preventive nutrients in one product. Pre-conception use (both parents) recommended. Avoid synthetic vitamin A megadose products; cod liver oil's natural retinol form is well tolerated.,vitamin D receptor; TPH2; DHA/EPA membrane incorporation; vitamin A signaling; vitamin K2,,,,,62.78,2026-06-24T18:46:42+00:00,58.34,2026-06-24T18:46:42+00:00
INT-0101,L-glutamine (free amino acid),supplement,treatment,"Conditionally essential amino acid; primary fuel for enterocytes; supports intestinal barrier integrity. Down-regulates zonulin release, supports tight junction proteins (occludin, claudin-1, ZO-1). Hits gut-brain axis (MEC-0008) and LPS endotoxemia / leaky gut (MEC-0022). Component of GFCF gut-healing protocols; member of COM-0003.","5-15 g/day in divided doses, away from meals",25,otc,yes,58.15,2026-06-24T18:46:42+00:00,active,,2026-04-28T14:50:45+00:00,2026-06-24T18:46:42+00:00,Caution: glutamine is a glutamate precursor; in children with documented GABA/glutamate imbalance phenotype (PHE-0007) start at lower doses and monitor for agitation/anxiety. Most autism-relevant for the GI/microbiome subtype (PHE-0004).,intestinal tight junctions; zonulin; enterocyte energy metabolism; glutathione precursor (Gly-Cys-Glu),,,,,65.64,2026-06-24T18:46:42+00:00,62.64,2026-06-24T18:46:42+00:00
INT-0102,"Stem cell therapy (UC-MSC / cord blood / cord tissue MSC, IV infusion)",biomedical,,,,,,,30.26,2026-06-24T18:46:42+00:00,experimental,,2026-04-29T20:44:17+00:00,2026-06-24T18:46:42+00:00,"Stem cell therapy in autism is mechanistically grounded in immune modulation, paracrine signaling (exosomes carrying neurotrophic factors and regulatory RNAs), mitochondrial transfer (MSCs can transfer mitochondria to neighboring stressed cells), and reduction of microglial activation. Despite Phase 2 RCT (Dawson 2020) being formally null on the primary outcome in unstratified analysis, subgroup analysis showed signal in the non-anxious / normal-IQ subset and in the inflammatory subgroup — exactly the effect-heterogeneity pattern CLAUDE.md §9 predicts. Strength_score reflects mixed evidence weighted by mechanism plausibility, safety profile, and subgroup-stratified response signal.",,,,,,38.94,2026-06-24T18:46:42+00:00,24.18,2026-06-24T18:46:42+00:00
INT-0103,Cromolyn sodium (oral),drug,treatment,Mast cell stabilizer; pre-meal for GI mast cell stabilization,100-200 mg pre-meal QID,,rx,,15.12,2026-06-24T18:46:42+00:00,active,,2026-04-30T02:26:58+00:00,2026-06-24T18:46:42+00:00,MCAS/PHE-0008 candidate per Theoharides framework,,,,,,27.03,2026-06-24T18:46:42+00:00,10.91,2026-06-24T18:46:42+00:00
INT-0104,Ketotifen,drug,treatment,Combined H1 antihistamine + mast cell stabilizer,1-4 mg/day,,rx,,15.12,2026-06-24T18:46:42+00:00,active,,2026-04-30T02:26:58+00:00,2026-06-24T18:46:42+00:00,MCAS protocol; compounded available,,,,,,27.03,2026-06-24T18:46:42+00:00,10.91,2026-06-24T18:46:42+00:00
INT-0106,Luteolin (BBB-crossing formulation),supplement,treatment,BBB-crossing bioflavonoid; stabilizes mast cells AND microglia,50-200 mg/day per formulation,,otc,,15.66,2026-06-24T18:46:42+00:00,active,,2026-04-30T02:26:58+00:00,2026-06-24T18:46:42+00:00,Per Theoharides framework. NeuroProtek and similar formulations.,,,,,,27.94,2026-06-24T18:46:42+00:00,11.27,2026-06-24T18:46:42+00:00
INT-0107,H1+H2 antihistamine combination,drug,treatment,Cetirizine/fexofenadine (H1) + famotidine (H2) — foundational MCAS,age-appropriate cetirizine 5-10mg + famotidine 0.5mg/kg,,otc,,15.66,2026-06-24T18:46:42+00:00,active,,2026-04-30T02:26:58+00:00,2026-06-24T18:46:42+00:00,Foundational MCAS protocol. Loratadine alternative for daytime.,,,,,,27.94,2026-06-24T18:46:42+00:00,11.27,2026-06-24T18:46:42+00:00
INT-0108,Nystatin (oral non-systemic),drug,treatment,Polyene antifungal; non-absorbable; targets gut Candida,500K-1M units 4x daily,,rx,,15.12,2026-06-24T18:46:42+00:00,active,,2026-04-30T02:26:58+00:00,2026-06-24T18:46:42+00:00,First-line for elevated arabinose / Candida overgrowth,,,,,,27.03,2026-06-24T18:46:42+00:00,10.91,2026-06-24T18:46:42+00:00
INT-0109,Caprylic acid (C8 fatty acid),supplement,treatment,Medium-chain fatty acid antifungal,500-1500 mg with meals,,otc,,15.66,2026-06-24T18:46:42+00:00,active,,2026-04-30T02:26:58+00:00,2026-06-24T18:46:42+00:00,,,,,,,27.94,2026-06-24T18:46:42+00:00,11.27,2026-06-24T18:46:42+00:00
INT-0110,Undecylenic acid,supplement,treatment,Antifungal; complementary to nystatin,450-900 mg/day,,otc,,15.66,2026-06-24T18:46:42+00:00,active,,2026-04-30T02:26:58+00:00,2026-06-24T18:46:42+00:00,,,,,,,27.94,2026-06-24T18:46:42+00:00,11.27,2026-06-24T18:46:42+00:00
INT-0111,Biofilm disruptors (lumbrokinase / NAC / lactoferrin),supplement,treatment,Biofilm-degrading enzymes + chelators; pre-antifungal/antimicrobial,varies; typical 30-60 min before antimicrobial,,otc,,15.66,2026-06-24T18:46:42+00:00,active,,2026-04-30T02:26:58+00:00,2026-06-24T18:46:42+00:00,,,,,,,27.94,2026-06-24T18:46:42+00:00,11.27,2026-06-24T18:46:42+00:00
INT-0112,"Vancomycin (oral, non-absorbable)",drug,treatment,Targets Clostridia overgrowth; non-systemic,125-500 mg 4x daily for 10-14 days,,rx,,15.12,2026-06-24T18:46:42+00:00,active,,2026-04-30T02:26:58+00:00,2026-06-24T18:46:42+00:00,For elevated HPHPA / Clostridia (Sandler 2000 case series),,,,,,27.03,2026-06-24T18:46:42+00:00,10.91,2026-06-24T18:46:42+00:00
INT-0113,Saccharomyces boulardii,supplement,treatment,Probiotic yeast; targets C. diff + Clostridia,5-10 billion CFU 2x daily,,otc,,15.66,2026-06-24T18:46:42+00:00,active,,2026-04-30T02:26:58+00:00,2026-06-24T18:46:42+00:00,,,,,,,27.94,2026-06-24T18:46:42+00:00,11.27,2026-06-24T18:46:42+00:00
INT-0114,Berberine,supplement,treatment,Plant alkaloid; antimicrobial + AMPK activation,500 mg 2-3x daily,,otc,,15.66,2026-06-24T18:46:42+00:00,active,,2026-04-30T02:26:58+00:00,2026-06-24T18:46:42+00:00,,,,,,,27.94,2026-06-24T18:46:42+00:00,11.27,2026-06-24T18:46:42+00:00
INT-0115,Methyl-B12 (subcutaneous Neubrander protocol),supplement,treatment,Methylcobalamin SC; bypasses B12 metabolic blocks,~64.5 mcg/kg every 3 days SC,,rx_compounded,,14.76,2026-06-24T18:46:42+00:00,active,,2026-04-30T02:26:58+00:00,2026-06-24T18:46:42+00:00,Per Neubrander_James protocol. Methylated folate often co-administered.,,,,,,26.44,2026-06-24T18:46:42+00:00,10.68,2026-06-24T18:46:42+00:00
INT-0116,SAM-e (S-adenosylmethionine),supplement,treatment,Direct methyl donor; bypasses cycle defects,100-400 mg/day (children),,otc,,15.66,2026-06-24T18:46:42+00:00,active,,2026-04-30T02:26:58+00:00,2026-06-24T18:46:42+00:00,Undermethylators per Walsh; not for overmethylators or bipolar-spectrum,,,,,,27.94,2026-06-24T18:46:42+00:00,11.27,2026-06-24T18:46:42+00:00
INT-0117,Betaine / TMG (trimethylglycine),supplement,treatment,BHMT pathway methyl donor; lowers homocysteine,500-3000 mg/day,,otc,,15.66,2026-06-24T18:46:42+00:00,active,,2026-04-30T02:26:58+00:00,2026-06-24T18:46:42+00:00,Especially when homocysteine elevated,,,,,,27.94,2026-06-24T18:46:42+00:00,11.27,2026-06-24T18:46:42+00:00
INT-0119,PQQ (pyrroloquinoline quinone),supplement,treatment,Mitochondrial biogenesis promoter,10-20 mg/day,,otc,,15.66,2026-06-24T18:46:42+00:00,active,,2026-04-30T02:26:58+00:00,2026-06-24T18:46:42+00:00,"Pyrroloquinoline quinone — promotes mitochondrial biogenesis (creates new mitochondria, not just supports existing function). Generally well-tolerated in pediatric supplementation; minimal published autism-specific clinical trials. Mechanism via PGC-1α activation.",,,,,,27.94,2026-06-24T18:46:42+00:00,11.27,2026-06-24T18:46:42+00:00
INT-0120,MitoQ (mito-targeted CoQ10),supplement,treatment,Mitochondria-targeted CoQ10 analog,10-20 mg/day,,otc,,15.66,2026-06-24T18:46:42+00:00,active,,2026-04-30T02:26:58+00:00,2026-06-24T18:46:42+00:00,"Mitochondria-targeted CoQ10 analog covalently linked to triphenylphosphonium cation, allowing 100-1000x mitochondrial enrichment vs standard CoQ10. Preclinical neurodegenerative + autism research; clinical use emerging. Lower per-mg dosing than standard CoQ10.",,,,,,27.94,2026-06-24T18:46:42+00:00,11.27,2026-06-24T18:46:42+00:00
INT-0121,NAD+ precursors (NMN/NR),supplement,treatment,Boost cellular NAD+; sirtuin pathway support,250-500 mg/day,,otc,,15.66,2026-06-24T18:46:42+00:00,active,,2026-04-30T02:26:58+00:00,2026-06-24T18:46:42+00:00, Regulatory note: FDA reclassified NMN as drug for NDI purposes (2022); NR remains as supplement.,,,,,,27.94,2026-06-24T18:46:42+00:00,11.27,2026-06-24T18:46:42+00:00
INT-0122,Methylene blue (low-dose),drug,treatment,Alternative electron carrier; methemoglobin caution,0.5-2 mg/kg/day low-dose; varies,,rx,,15.12,2026-06-24T18:46:42+00:00,active,,2026-04-30T02:26:58+00:00,2026-06-24T18:46:42+00:00,Emerging; methemoglobinemia risk; G6PD contraindication,,,,,,27.03,2026-06-24T18:46:42+00:00,10.91,2026-06-24T18:46:42+00:00
INT-0123,Bumetanide (NKCC1 inhibitor for autism),drug,treatment,NKCC1 inhibitor; forces GABA developmental switch in chloride-imbalance subgroup,0.5-2 mg/day; potassium monitoring required,,rx,,15.12,2026-06-24T18:46:42+00:00,active,,2026-04-30T02:26:58+00:00,2026-06-24T18:46:42+00:00,Per Ben-Ari framework; Phase 3 mixed but subgroup-positive.,,,,,,27.03,2026-06-24T18:46:42+00:00,10.91,2026-06-24T18:46:42+00:00
INT-0124,"Suramin (low-dose, antipurinergic)",drug,treatment,Antipurinergic; Naviaux CDR framework,20 mg/kg single IV (research dosing),,rx_research,,14.76,2026-06-24T18:46:42+00:00,active,,2026-04-30T02:26:58+00:00,2026-06-24T18:46:42+00:00,Naviaux 2017 PMID 28695149 phase I/II; toxicity limits broad use,,,,,,26.44,2026-06-24T18:46:42+00:00,10.68,2026-06-24T18:46:42+00:00
INT-0125,Pioglitazone (PPAR-γ agonist),drug,treatment,PPAR-γ agonist; anti-inflammatory; insulin-sensitizer,15-30 mg/day,,rx,,15.12,2026-06-24T18:46:42+00:00,active,,2026-04-30T02:26:58+00:00,2026-06-24T18:46:42+00:00,Emerging neuroinflammation use; weight gain caution,,,,,,27.03,2026-06-24T18:46:42+00:00,10.91,2026-06-24T18:46:42+00:00
INT-0126,Minocycline (microglial modulator),drug,treatment,Tetracycline with microglial-modulating activity,50-100 mg twice daily,,rx,,15.12,2026-06-24T18:46:42+00:00,active,,2026-04-30T02:26:58+00:00,2026-06-24T18:46:42+00:00,Anti-inflammatory; long-term skin pigmentation caution,,,,,,27.03,2026-06-24T18:46:42+00:00,10.91,2026-06-24T18:46:42+00:00
INT-0127,Allopregnanolone / ganaxolone,drug,treatment,Endogenous neurosteroid; positive GABA-A modulator,varies; ganaxolone FDA-approved for CDKL5,,rx,,15.12,2026-06-24T18:46:42+00:00,active,,2026-04-30T02:26:58+00:00,2026-06-24T18:46:42+00:00,Calming; emerging research in epileptic ASD,,,,,,27.03,2026-06-24T18:46:42+00:00,10.91,2026-06-24T18:46:42+00:00
INT-0128,Trehalose (autophagy promoter),supplement,treatment,Disaccharide; promotes autophagy and mitophagy,5-15 g/day,,otc,,15.66,2026-06-24T18:46:42+00:00,active,,2026-04-30T02:26:58+00:00,2026-06-24T18:46:42+00:00,Disaccharide that promotes autophagy / mitophagy via mTOR-independent pathway. Clearance of damaged mitochondria + protein aggregates. Emerging research in neurodegenerative + neurodevelopmental contexts. Generally well-tolerated; some GI tolerance issues at higher doses.,,,,,,27.94,2026-06-24T18:46:42+00:00,11.27,2026-06-24T18:46:42+00:00
INT-0129,Lovastatin (low-dose),drug,treatment,Statin with FXR / cholesterol effects; preclinical Fragile X work,contested; not for general autism use,,rx,,15.12,2026-06-24T18:46:42+00:00,contested,"Statins (HMG-CoA reductase inhibitors including lovastatin) are FDA-approved and well-established for cardiovascular indications (hyperlipidemia, atherosclerotic disease). Their use in autism specifically — investigated by Frye et al for FXR / Ras-pathway modulation in subset cohorts — is investigational with limited published clinical evidence and is not a mainstream pediatric-neurology recommendation. Off-label use should be discussed with clinician oversight; CSRS in this atlas reflects mechanistic rationale + small published series, not population-validated efficacy.",2026-04-30T02:26:58+00:00,2026-06-24T18:46:42+00:00,Preclinical Fragile X work only; mitochondrially toxic + CoQ10 depleting. Not for general autism use. Status: contested.,,,,,,27.03,2026-06-24T18:46:42+00:00,10.91,2026-06-24T18:46:42+00:00
INT-0130,Valacyclovir / acyclovir (HHV-6/EBV reactivation),drug,treatment,Antiviral for chronic herpesvirus reactivation,varies; long-term low-dose suppression,,rx,,15.12,2026-06-24T18:46:42+00:00,active,,2026-04-30T02:26:58+00:00,2026-06-24T18:46:42+00:00,,,,,,,27.03,2026-06-24T18:46:42+00:00,10.91,2026-06-24T18:46:42+00:00
INT-0131,Vasopressin (intranasal),supplement,treatment,Neuropeptide; social bonding mechanism (complementary to oxytocin),varies; research-grade,,rx_research,,14.76,2026-06-24T18:46:42+00:00,active,,2026-04-30T02:26:58+00:00,2026-06-24T18:46:42+00:00,,,,,,,26.44,2026-06-24T18:46:42+00:00,10.68,2026-06-24T18:46:42+00:00
INT-0132,IGF-1 (mecasermin),drug,treatment,Insulin-like growth factor 1; SHANK3-stratified intervention,varies; FDA-approved for primary IGFD,,rx,,15.12,2026-06-24T18:46:42+00:00,active,,2026-04-30T02:26:58+00:00,2026-06-24T18:46:42+00:00,Per Hollander framework for Phelan-McDermid syndrome; off-label autism,,,,,,27.03,2026-06-24T18:46:42+00:00,10.91,2026-06-24T18:46:42+00:00
INT-0133,Antimicrobial peptides (cathelicidin/LL-37),endogenous,treatment,Endogenous AMP; vitamin-D-driven; first-line innate immunity,indirect via vitamin D status,,endogenous,,14.76,2026-06-24T18:46:42+00:00,active,,2026-04-30T02:26:58+00:00,2026-06-24T18:46:42+00:00,,,,,,,26.44,2026-06-24T18:46:42+00:00,10.68,2026-06-24T18:46:42+00:00
INT-0134,Humanin (mito-derived peptide),supplement,treatment,Mitochondrial 16S-rRNA encoded peptide; anti-apoptotic + neuroprotective,research-grade,,research,,14.76,2026-06-24T18:46:42+00:00,active,,2026-04-30T02:26:58+00:00,2026-06-24T18:46:42+00:00,,,,,,,26.44,2026-06-24T18:46:42+00:00,10.68,2026-06-24T18:46:42+00:00
INT-0135,MOTS-c (mito-derived peptide),supplement,treatment,Mitochondrial 12S-rRNA peptide; metabolic + exercise-mimetic effects,research-grade,,research,,14.76,2026-06-24T18:46:42+00:00,active,,2026-04-30T02:26:58+00:00,2026-06-24T18:46:42+00:00,,,,,,,26.44,2026-06-24T18:46:42+00:00,10.68,2026-06-24T18:46:42+00:00
INT-0136,Pregnenolone (low-dose),supplement,treatment,Master neurosteroid; precursor for cortisol/DHEA/allopregnanolone,10-30 mg/day,,otc,,15.66,2026-06-24T18:46:42+00:00,active,,2026-04-30T02:26:58+00:00,2026-06-24T18:46:42+00:00,Use cautiously in children; existing INT-0069 covers,,,,,,27.94,2026-06-24T18:46:42+00:00,11.27,2026-06-24T18:46:42+00:00
INT-0137,Vitamin D high-dose (deficiency-correction),supplement,treatment,Cholecalciferol; immune/serotonin/methylation effects,2000-5000 IU/day calibrated to 25-OH-D,,otc,,15.66,2026-06-24T18:46:42+00:00,active,,2026-04-30T02:26:58+00:00,2026-06-24T18:46:42+00:00,Foundational; calibrated to BIO-0165,,,,,,27.94,2026-06-24T18:46:42+00:00,11.27,2026-06-24T18:46:42+00:00
INT-0140,L-carnosine (oral dipeptide),supplement,treatment,Beta-alanyl-L-histidine dipeptide. GABA modulation via homocarnosine pathway; possible anticonvulsant + frontal/temporal cortex protective effects. Used by Chez 2002 J Child Neurol RCT (PMID 12585724) at 800 mg/day in autism.,800 mg/day (Chez 2002 dose),20,otc,yes,20.24,2026-06-24T18:46:42+00:00,active,"Small pediatric RCT (Chez 2002, n=31) showed significant improvement on Gilliam ARS + Receptive Vocabulary; not replicated at scale.",2026-05-13T00:14:44.186956+00:00,2026-06-24T18:46:42+00:00,Added 2026-05-09 to fix rrc_005 cohort entry. Distinct molecule from L-carnitine (INT-0011). FRM-0047 reparented to this entry.,,,,,,38.07,2026-06-24T18:46:42+00:00,14.33,2026-06-24T18:46:42+00:00
INT-0141,Aripiprazole,drug,treatment,Atypical antipsychotic; partial dopamine D2 agonist + serotonin 5-HT1A agonist + 5-HT2A antagonist. FDA-approved for autism-associated irritability (children 6-17) based on Owen 2009 + Marcus 2009 RCTs.,5-15 mg/day (Owen 2009 RCT range),60,rx,monitored,15.67,2026-06-24T18:46:42+00:00,active,FDA-approved for pediatric autism irritability. Owen 2009 (PMID 19948625): 52% responder rate on ABC-Irritability ≥25% reduction + CGI-I 1 or 2. Metabolic side effects + weight gain require monitoring.,2026-05-13T00:14:44.186956+00:00,2026-06-24T18:46:42+00:00,Added 2026-05-09 to fix rrc_008 cohort entry. Mainstream pharma intervention; population-average effect rather than biomarker-stratified subset. Used as cohort calibration baseline for non-stratified RCTs.,,,,,,29.44,2026-06-24T18:46:42+00:00,11.28,2026-06-24T18:46:42+00:00
INT-0142,Vitamin/mineral multinutrient supplement (Adams 2011 formulation),supplement,treatment,Broad-spectrum vitamin + mineral + antioxidant + amino-acid + essential-fatty-acid multinutrient. Adams 2011 BMC Pediatrics RCT formulation (PMID 22151477). Targets multiple nutritional deficiencies commonly observed in autism cohorts.,Adams 2011 protocol — full multinutrient daily,80,otc,yes,18.22,2026-06-24T18:46:42+00:00,active,"Small RCT (n=104, Adams 2011): continuous outcomes only (PGI-R Average Change p=0.008); no dichotomized responder rate published. Bonus regression analysis: biotin + vitamin K were strongest baseline predictors of clinical response.",2026-05-13T00:14:44.186956+00:00,2026-06-24T18:46:42+00:00,Added 2026-05-09 to fix rrc_011 cohort entry. Adams formulation; not a single commercial product.,,,,,,31.70,2026-06-24T18:46:42+00:00,12.98,2026-06-24T18:46:42+00:00
INT-0143,IVIG (intravenous immunoglobulin),drug,treatment,Pooled-donor immunoglobulin G concentrate. Anti-inflammatory + immunomodulatory in autoimmune neuropsychiatric conditions. Used in PANS/PANDAS subset of autism per Frankovich 2017 PANS Research Consortium guidelines.,1.0-2.0 g/kg per infusion course; cycle schedule varies,5000,rx_specialist,monitored,13.46,2026-06-24T18:46:42+00:00,active,Perlmutter 1999 PANDAS RCT showed OC symptom reduction. Williams 2016 PANDAS RCT did not reach binary statistical significance; open-label IVIG ~50% OCD severity reduction. Frankovich 2017 guidelines list IVIG as preferred treatment for moderate-to-severe PANS.,2026-05-13T00:14:44.186956+00:00,2026-06-24T18:46:42+00:00,Added 2026-05-09 to fix rrc_013 cohort entry. Specialist intervention; thrombotic + aseptic-meningitis risk. PANS-overlap subset of autism.,,,,,,21.77,2026-06-24T18:46:42+00:00,9.81,2026-06-24T18:46:42+00:00
INT-0145,L-theanine,supplement,treatment,γ-glutamylethylamide; non-protein amino acid from Camellia sinensis. Modulates glutamate/GABA balance; induces alpha-wave EEG activity; anxiolytic without sedation.,100-400 mg/day divided,15,otc,yes,20.24,2026-06-24T18:46:42+00:00,active,Pediatric ADHD + anxiety small RCT support; autism-specific evidence is small + indirect.,2026-05-13T00:19:55.094947+00:00,2026-06-24T18:46:42+00:00,"Added 2026-05-09 to ground COM-0016 (Calm-axis stack) and COM-0018 (Sleep-architecture stack), both of which named L-theanine as a member but had no atlas-resident INT entry.",glutamate; GABA; alpha-wave; anxiolytic,,,,,38.07,2026-06-24T18:46:42+00:00,14.33,2026-06-24T18:46:42+00:00
